UserId,Wallet,TransferId
fcggm-liuln-qmvg6-7f3mi-rbujo-l3kqu-2eter-cx5v3-wrojr-bll5v-gae,sgkin-6lt3e-yheq7-adily-b7aua-zgowq-7sgfj-5rdic-fyemq-m6hlq-5qe,312769
wn7we-2wfpv-qrfld-bo3ki-blo46-owize-ww7mr-cxwl4-gbw67-l4pek-fae,lqzd7-dh5u6-tjrcc-lof47-ts4fq-qfrzm-nbd6r-ncv45-4etee-yp2dp-3ae,312773
glkfj-uol7p-p5cjz-toivn-fhudk-fxbem-epbkm-zsvdg-p2fr5-vigdj-2qe,zycea-i7e7a-udp3x-iqyzr-cru3f-73ozg-mzfj3-unh5q-ibk4c-wehqn-6qe,312774
6hnrn-tgz46-2jwc6-offzq-4swoe-jp5kn-bp3k2-lreqp-lnghd-vkpzz-zqe,w42bc-xsjfz-l6exe-6sj5h-bkjim-2jrtc-azpoc-ecvcc-6us34-42b5g-mae,312771
eb7f5-5ue2a-nnlij-dq2lv-jhbj3-agowq-6uqko-zgdcv-47xzs-qvsou-5ae,xhucr-ulwd3-zbmpk-zyvet-a7dg7-sfmhc-3pih5-5suqy-tp6r7-ahoqi-nae,312772
hwvor-avr2f-ncoah-2xcob-fjfur-q2bjd-4pzss-yv7xm-62ic2-rp6vo-6ae,te56u-cleny-srpzh-c24fs-xcgiu-ohegh-r5n3q-ytezf-lx3ne-yu5uo-iqe,312770
svixx-hqfjz-7vkvr-76om6-f57yz-7xehy-4yujc-b5tap-ncd4h-l5inw-vae,2olei-4adp5-uc6tb-3qvgm-nxlua-fdwzq-saohn-rbrp3-x643d-wp67c-6ae,312775
jwd3e-pn2ni-gxuz5-rn2z4-g6dlx-epv7y-qncmr-xe77a-uigfk-g4zze-wae,xsyck-blzgx-nkiuu-6oggp-ib4ys-kxbip-mcwxf-sfn5e-hiucy-hqb56-nqe,312776
alqui-ku4by-fm2nh-hnss3-6ut6b-lkmmz-eg53r-p62u3-tdgqm-kicq3-nqe,dj3l6-tuufs-vwyzm-zrsoe-4eg6l-x6b4x-wxzn2-3r6lo-mf4oa-y7dwm-nqe,312157
qngtp-kjfsd-fb2tr-jblaj-sxesr-voln4-s3nbn-vapra-hj4ox-4cwv2-pqe,syqj7-5afie-vyvfx-kndmt-mprpd-45nd4-glrzr-sazws-rigpu-osvba-5qe,312152
jcy74-hs36f-ffkr2-vuyb6-jf4cb-l5ybh-zr7k5-jgctq-j26c6-cr3ud-xae,pzcch-cxvhp-3hl2v-b2tmh-24j5w-daxqg-pgcoa-g4tdr-hgvz3-5vgby-qae,311830
xxpo6-rdpkp-qcwp3-suypy-wxr5u-35eoi-zpisg-yrmjq-bkoet-ikofx-2qe,msguj-kskpl-c3pio-ymxse-uftkp-tzrdg-mawh3-a2ftu-4ecy2-x3ie2-kqe,311838
qpchv-bd5ta-d44qv-o2so4-ne6o6-7da4m-7xqjo-ffgo2-ww677-ksbog-3qe,se4va-kppxi-auxyc-jof6z-s55nv-6ljcg-wfiuv-cry2z-ub7bg-gr7ou-sae,311862
fkwtk-aamgb-brmuu-qvjzv-o67ke-nhfms-w7pjx-zjnx2-uo3ta-6n4ka-aqe,sbpcd-jxv6z-lr6lw-xratb-4xtr4-ocxqb-cyjcg-ob5ht-ytoxv-xsdwp-5ae,311829
uqccg-abpct-pkw6l-lf4nt-hzfs7-q7lzg-ilv5g-7hhvy-wnf7q-kth7t-bae,eiysv-5frvs-y4ihh-65q5m-snrcw-obqob-pfrj3-ozctb-enjqc-slyom-fqe,311841
bj7ev-hrkpb-zemun-cl4hr-zps3k-ueqtv-olozw-vhqvl-7otpv-wajan-aqe,63snt-qzy6m-okfua-acs4m-wy4ff-khhxq-qkkaw-l67er-g7sos-xaxr4-eqe,311833
pkqpr-zqxmg-l2xpr-aynhq-xu4wo-ykjhe-e5n5a-3sh4w-q2jyf-7b4ui-uqe,qos22-5uowv-kwsk2-dhakd-kj7o7-pgfxh-2t5or-cglq6-h4ptu-ghtks-pae,311836
5zzyf-7f5lg-hlhz4-k6o4c-rlhhl-kx4up-vlybj-gmn5b-5mryv-pq7qi-rqe,fvrvf-xahiy-p6nfy-v36tf-lvehs-km6iu-a7fzt-dyoa6-vrosw-7s2uj-rae,311877
o2azg-nh3b5-x4bd4-atcqg-j4sc5-gefvv-rb44b-pat74-dkwkx-jeqg4-oae,gbc5d-k73yi-5n6zv-qkesz-owgwt-53xhg-dutpq-vab56-zdl4z-6c76l-fqe,311909
osmv7-n2dqv-mh6pc-ztb4l-osbg6-rzcsz-gdayh-2pjcy-tuxud-po2oq-qqe,5kvif-oiiqc-x5cy7-u5zmf-fg4a6-iyabw-4yy4o-52piv-rkzng-irniv-5qe,311828
5ym2y-pifyh-sdmm4-cepkv-dd4uy-4dlbq-yvalk-vnbww-47qgs-jg7wk-uae,qsbqa-vhdak-ysokt-gi5nd-yeu3n-dp2g3-4dvyu-cjxt7-rh2xr-a5pim-wqe,311834
guxw4-wypjs-tkkp7-3vej4-yijsp-onozl-pmynf-3fqsf-4dnke-ik4vk-sae,7jvdu-ljlv2-sdu4k-kypsf-cinrp-asimo-ykzpb-iq2rb-qanvw-alxvi-4qe,311832
xunkn-zmdzz-g2o46-vylyr-los47-v4tvx-ytvu5-ktt2n-ltyvr-ayzqf-yqe,kjfhi-cqebu-dzyiv-shg5l-syrwe-nfq4h-nejur-52aj2-dturm-vhuqw-4ae,311843
vqfui-j3k7d-c7njw-nxmuo-uvjji-7oay3-dcfc7-jhy2d-kih6c-vd73v-lae,awlkn-aj55n-5zkeo-wg76o-ppztn-q3hmh-eiz7j-lbe72-ty3t3-njwkr-iqe,311842
nu3ii-kotdd-4defz-nkqqi-yamx2-qxjnw-gzti2-fwiba-dardm-zaw6l-bqe,3fzac-spyl6-7s5ez-pmbrz-43lpv-vdiqs-ifg4w-j6fr6-jw3hc-7cs4g-oae,311837
cf6ku-myoxm-mxank-zdzkq-fvt6w-ck3m4-siljo-6ivzn-rapm3-72x7l-4ae,dqshb-7om3k-vyipd-zlrts-loblf-yvvyr-ml5yt-b75g7-q2q2m-negms-fae,311835
jce34-euugo-vgzwu-uqd3e-zc7q2-pv3s2-3erok-u447j-6m3pl-kvuzu-lae,gj3h2-k3kw2-ciszt-6zylp-azl7o-mvg5j-eudtf-fpejf-mx2rd-ifsul-dqe,311844
dejae-rzm7w-2rt46-pq3yi-gl2fj-yzbji-m5f5p-wqmau-dcrth-lgtfx-gae,5vshh-qwjjx-jumua-osnhr-c2s32-5bdh2-sn6jk-wb5ig-kn4n4-lvvlp-vae,311888
th5dv-fgs6e-ehild-sdg4u-rrvfu-6k32q-fta4t-4zfzm-46xku-pdlut-eae,ba7go-dfzte-orgha-lm3h3-xgna7-swxoa-bjfpo-cel6h-tydpk-q6h5j-fqe,311855
g4ixg-3cotr-ozttt-6aicp-sljtd-s7iec-46xno-2ajwt-dqe7v-lghqf-vqe,a6is5-pjyqk-jj4xq-uvqwv-pvjzw-bbegp-v2lub-at5t4-wjcrz-qhcia-6qe,311865
vezwp-nqewc-4btxg-t2de3-qhpfj-o27cx-724tk-rcgrk-yrx7f-vsajz-2ae,dsj6k-nuoux-pjhgm-is47h-x6ru7-ftorn-o5m5s-7ksew-yuwkt-csjuj-wae,311851
gcl7f-bhqrs-rzc7o-7nm4r-cvfol-ggvxr-awbpo-lmcfh-lv4mh-ck2dp-4ae,fllq5-eknun-p3qzc-y4nnd-m2vla-syijb-3ar2o-osmf2-pzmxo-6w4tp-pqe,311839
4ez7a-dyxz6-tfswp-xyt23-h3lgc-6rbqp-gx5d7-ct7eb-m7hnz-iga4u-iae,pwdxq-7fsog-jch34-obqhy-cemdj-ydlyd-fvnfv-l5lxy-tfeck-qs7si-aae,311854
to6aj-pwqwc-vgmsg-xswl4-g7sbz-5hqu3-dpzuo-pwjw7-mbety-eop75-fqe,sazmz-vqv73-ddknt-5ru2d-c4awn-wlxfn-p6b6n-aiz3x-ccja3-7kzeo-4ae,311857
vjtni-c7jon-mfi2n-l4egx-hsoe4-hiopq-k37ys-rfuqu-gfn5p-4egbs-3qe,ssswb-txhgg-juomb-ddfrf-y62zl-lod62-teg7b-yyhul-2yof6-gqkh4-oae,311846
igphg-xknkf-fwbcv-oxogd-chzo6-sordh-7xwo2-sfyao-ycrgy-owwta-4qe,fiqyl-aejwa-x7gtd-z3itl-b5ijo-vjwb7-yuboa-ino2l-gol5j-xi4cd-mae,311879
6jofo-2cb77-5ut6d-23snn-k5yt4-n7ojy-yyanq-rsy2a-gnhwh-qas7m-xae,u5hd6-tzfd2-4zmad-xh5nx-kdsha-2kmwx-a6jag-ti4rg-7aqh4-wycuk-gqe,311910
3xcbm-dzkop-67wgu-e27mk-u75zz-pykrj-oiznu-imhzf-js4m7-oorcx-eae,rf36w-zltpr-i4pfh-rudu4-rddyq-vjcsm-iluu4-7kfhp-ezgmc-zyvmz-mqe,311860
rdzr3-eayro-xdpkk-glb73-frasm-em6k6-zqjv6-4xf47-e4lp7-swnn5-lae,tzknl-xfa27-4g5jx-cwy3d-k7rn7-brd32-mjltr-bom2d-zavft-3pn6u-pqe,311867
orrvo-5g56l-d5sio-xh5a3-abyts-o4xjw-tu7py-jahqt-fgaou-abxfm-iqe,3fmh2-3q2lz-lcdao-obngd-7zmzh-wuzmp-dcg5n-2caig-p5u6u-qkx3k-tae,311869
iirca-tno4d-rqsgk-yeqmq-2s6dv-of7dz-hppir-ztqeo-ls6ip-bhnce-pae,gmkgv-k44uu-z273s-oj6ia-dgyle-qurhg-3hi6z-x6cwp-tdcdc-3zxcv-nae,311913
i7hqu-27cxp-ynovf-aiu3e-ek2lb-pcx6g-loul5-eycb6-nxi2l-ispbn-dae,4qfnv-jldip-pjcpl-h6puj-n2b6t-xcxpo-mswe2-it5lo-ecyfj-owosz-aqe,311886
cld7a-acjmc-axkly-hg5zf-5jjtg-xc5co-cbk5v-rkatw-szmby-apbog-lae,62cp6-az752-dtf4y-qbrif-u6kmk-xogdy-3crys-muehi-2oaos-zrz3p-vae,311882
jzrz6-hgz3a-yjzh3-fmaeg-uabbz-53zzx-mj3fu-2jwzs-cfbw4-fir56-qqe,deoht-lxu4p-azirm-wiwew-kxtmk-ghyrt-wf4mt-ar6yx-axnwe-cqk6y-mqe,312118
ay6a3-grofm-ad7fw-elwnt-v6pgt-3f34d-hb7rt-rbryq-mrcr7-qovy5-4ae,sidn5-lqirx-ahzuo-ebel3-2x4b4-egidj-twwoi-ongme-sfvdn-plsmb-nae,311887
ef36k-6isq2-4ny5u-ydq7f-yoh3j-xioyn-pf3ad-emuq4-oo4g4-vncd2-eqe,bj2oj-ao4op-ttg4t-56y4e-3okqq-ttexq-6ebcv-2nvrt-uc565-6w2bx-iqe,311885
enkzr-3gjey-utm4a-gsfu7-dttxz-gjbpg-3udyf-dam2j-f5zzi-txmyl-iae,hxdpn-hxyoy-em7uq-73yoz-fcese-vwdzn-fcdtu-p746p-e3fkm-rxnhk-cqe,311946
46qme-tuk6c-olbfb-75opo-7c6ul-clnm5-mn3eq-yahyf-ify6o-tvuj3-bae,vsppk-yqj7j-bwytq-4e2ld-wegln-ll6tg-pzder-52de7-3lefm-nkejr-hae,311905
3sh3z-4r2s6-yxvzd-grjcj-4rdrs-cuei5-3r7xp-gk46z-rqkp2-pyhla-wqe,4kzrc-6d6ie-hhxfp-jznh5-ct7jp-hvslj-7n5yl-7ld6f-sf4oi-rscy5-fae,311968
q7mdi-rfak5-dgm7y-gg6o7-2m355-oxq5a-iktjx-bxrgh-5icme-v5sa3-zae,s37zt-k4s5w-fwxru-j2dml-rez3a-rbwol-fz7nv-l5lvm-sb6h6-hykka-pqe,311938
qxch6-pckxa-quhex-7egtx-qjcme-xcujo-r74lz-6ksgt-rdthe-c5qks-lae,x7ple-ucv3w-dgr7r-4iywk-v65zc-nohg5-lgyih-fk7be-3qkp5-mnnsk-wae,312517
wfk5y-63vh6-rvno5-vmbok-se6my-nmeho-hon5s-fdbxm-q42n3-ejojc-kae,xamd4-mfjtd-e6ue5-gfj26-eoum6-dlh6w-btq4w-27ybi-hyfzb-i34jj-wae,312466
552pi-qzbnu-tcxtc-k5mqc-5tjk6-wl2ed-rpzgf-b7dav-ulzyl-3khmq-yqe,5q7ne-zasjr-ym3dn-zusqf-dpkfc-6hxsb-hdmpp-zkv45-a7cqb-xj3yt-aqe,312475
xsb6k-bu2b2-7z5xp-thuna-ubgod-nobsv-q3b5l-fp2hp-brr6e-2pnlf-xae,aazjk-brn6z-4yrhi-zihsc-lfuxs-eqx6g-lanqm-mub32-eduuu-jreta-dqe,312473
jw4zf-4uvzb-ijohz-idfqk-cubtm-65rqg-cqc6u-6z5yu-szfue-ybgi3-fqe,ifz4t-xe7bd-ii35p-ve5ue-m3boi-f2dfa-ywppj-oq7ui-7nkih-hawsi-qae,312529
xutzy-qy4gy-5oxq6-sp62p-5fgxp-rw547-fj66n-5mqh7-pyybv-dkcnd-pqe,f7xrv-ehutm-mbppl-uenva-5asjx-hvfih-mt74l-6zygh-pwb5q-ay7et-cae,312469
n7ejs-427hn-nvxgh-yppuc-33wjr-azdph-c4l3q-r3q63-pg4sa-xcunr-uae,k5c6n-ysdq7-fnn53-pz5jc-upcv6-wposn-ifco6-ijfdv-rxehl-jvlv5-zqe,312484
sxfeq-keq25-t44xf-idrrq-jj43l-ts5oj-rwowb-nucbd-vbfyn-a7fsd-3qe,v2kk5-wxouo-7bpnn-dwcmw-c2272-bkp5e-uy2fg-ctyqx-36khi-rro6z-fae,312490
mzolz-sqx4u-xrc7g-yjfkk-sdjwz-j5a5z-ydpai-4jrvd-eaaof-3ll5m-lae,yk7hc-f64sm-ryh67-2ifmw-llly3-umuiv-nmsdl-5x4xe-i7bqp-jddze-gae,312467
xnwog-b3ocx-2wro5-fazhj-d4hyk-uobqf-xlwui-nsohl-sw2sd-tj4gj-gqe,rnpb4-ioaun-fjxsi-4226x-rexwb-wb3mq-ub2st-mqdnt-nkx5s-nrv26-3ae,312480
zxwm4-onz7w-poy3v-2iix4-v6agc-tzu7n-273nd-dcbhm-7s4f7-fp5qk-2ae,z2shn-rucy3-ttbu6-2yb36-dt5vw-rwob2-mcqpw-yyn4u-63xru-54v7m-gae,312563
64lk3-u3zw4-5ty2k-tv7i7-vjskj-umm3k-nqcwy-vbhmz-ofdts-3vgdu-gqe,f2aac-qub3m-qig5j-uhka4-yjyrp-kmcyp-ndl4a-vz7w4-opoie-g6ovv-tae,312512
f3bow-ts7dw-k3knz-j2xn7-dpqrm-2tbct-mk4v5-fcvor-yzf5x-krqjq-5ae,tzanh-pxgtn-nv5ro-5xunn-6u7be-nssrd-rpcn6-3lbf6-edwts-dee44-mqe,312482
6q5an-j7zug-tguwe-hngss-dq7fe-sr35i-p52yc-mw7ni-wfasl-gbrey-nqe,zfjex-yi65q-kbjpe-yeunl-c6eks-wcxh7-d3mua-76gub-fkuiw-ibnrv-zqe,312516
ddjno-uvmz7-b2hno-qjdr2-r32d4-yerjb-vxgfa-g2r27-lmjx6-z5men-hae,64xeh-7z6hx-bdfde-jdsl3-6k3a5-sol2a-4pwe5-ilvy5-bzn2n-r22d5-aae,312496
4io7s-sztuc-agu7h-khbmk-oqscx-46awf-vbldh-cnwsy-el7rq-wdulu-jqe,uwk6i-b3kqq-pgb2t-bdvkx-sx7wc-lmkap-dyoz7-wkljn-q2mz4-rxzbp-bqe,312535
6hkvx-3rkpf-i4zvn-yud3k-sbetu-xfmj4-k3g2v-rtdek-yvxsq-g6yia-hae,xk63q-ly2g2-4u5ac-bj56m-v2yev-yvhrp-zikgc-55tf7-p56oy-74yih-jae,312554
zju5j-g66rf-gcdti-sc5d2-a3asf-odeom-rxz2m-cro7z-kpm7g-iupmb-vae,vrlzz-j4cqg-hv52e-qnqh3-tk2fi-ace75-hbedl-lgyiy-do6y2-a4c5l-dqe,312487
wladv-hduhu-k4uvb-6sttr-olmbu-q55jm-zd2lx-kp3w6-ewt3h-dckss-jqe,kwmvc-5rvdo-tgwvw-gsgw3-qhcmp-6k6pa-5g7eh-wvlpn-zcxhd-odyrn-wqe,312518
6bsru-l5n4e-hljwy-myttn-y7wsu-jmpkc-msgkx-cyyay-irb7x-62ln4-gae,ndkd6-owtmc-65gil-xs2v3-vqx7f-42my4-rjocm-usuxe-n2qg2-kkcrb-wae,312556
lpm7y-gdcxn-tb34q-6g4kp-hdtr7-5uhem-c2xba-mj6nz-gsrr4-bkyas-fae,7kudh-o2whq-2dew7-krlhf-nb5um-ofcv4-dfv5i-2air7-if3yy-frhnh-rae,312528
hdd7r-j6dfr-yagjc-jx72c-xv3ud-rsy2y-fud4h-ndqpz-yrjrc-m4b2c-jae,abgtk-zp5eg-swkbx-yrtre-klau2-tnoy7-hemqz-x4qfx-l52of-dlqvx-wae,312481
emghy-2gmbe-xoste-msu33-y4ea2-6pt5u-zxgpy-hiiiu-ih6bp-qbacx-uae,k5nb7-2ctqj-jh4pm-65q4h-77jej-smwpq-z7fkk-ipazd-kb5jr-yzjdn-lqe,312485
twjkk-627x3-4iq54-roh4w-mj7ph-blcis-oa6ub-vk5sk-k4kgj-2w4sp-pqe,xt7po-d2ijd-tohoi-eldk2-usq3r-nwp4t-sepv3-y5uc4-qcemz-lau7g-aae,312540
wyb44-nffgg-bt5t2-to2n6-jjdd7-h3lq2-7ivg6-m6r7b-r3gup-zbukr-aae,lfcg7-khgqa-mxqmz-l7rxr-6dx5c-my2wh-r7v7e-4o5z6-5ncmt-z74mg-pqe,312495
pnzpm-t2n3t-5pn3c-wgxfx-5uptm-urn2r-rdem3-ixez6-tps7q-rtptg-xae,p4feh-oyst7-b7j5i-obhbd-3lyid-gpzdv-eosok-boi3w-fkzck-oj4qi-kqe,312506
j5gbf-typdq-ynee7-6hz5c-hg22a-iic26-mt64n-tnitb-e5yu2-kxonb-zqe,xglna-ssgbt-hi7o6-53cm4-6ubzd-zw3fv-hqf3n-nvdgw-q523v-zajwv-gqe,312492
lpr6x-64s6a-j7a5x-jktvv-lme4u-7sqgg-y6nps-umw6h-izfd2-yyeah-zae,gwok4-dz2ri-omv2f-yz7l5-o2nda-7y6jp-dmmfg-rzr7a-mou5o-e26nc-cqe,312539
ksgyj-naz5a-fvpth-liwqp-zwimr-ulkfm-j6v7d-3mwxu-f4ehz-m4mfa-gae,u4auy-agl7g-btv2w-5frrn-jmady-geyln-mexxn-7lldm-tdhpe-wmtfg-uqe,312498
3pyru-uhauu-bqu5d-5brig-m3w6z-crvyo-dsygq-4agko-qdfah-vztqa-rae,vb6fx-a3wg3-6ic2j-bt3oz-xerfx-tfpm7-mccng-5p4iw-523vo-b3gva-uqe,312561
kxnfv-csfin-hcjmb-msnpk-rgbxx-z6bnx-7jtzo-c54ay-hotzz-dvs4q-dqe,ruam6-3l3qn-vzrqy-bngqb-6hzf6-thtzw-mdhzf-dj5sc-muxdg-2grso-iqe,312521
paax7-mfwpj-omuri-qekzz-cmrkv-42j3l-m44zw-2dxdh-p7ysg-ketol-eqe,zb5bo-p3t52-t3s52-hlszz-hsimt-ffq2f-gdtdh-52sw7-yow5h-4tqtp-nqe,312567
amvwp-6dfy2-gwah2-ysxxp-p5cw2-wy6we-nhtjk-qsmow-27okl-5rxkv-yae,zgmgz-a7tqs-gr7my-s6iuk-cqcqv-l3drb-qnmbk-uihcj-6rrfw-utte7-bae,312491
i3ynx-p6aj5-vjcm3-mmg2f-jdnxn-a4b4k-ameia-mqzzt-52uty-w4l2p-nqe,ncy4x-omucw-epjnz-uw656-l3ag7-htqf2-abfms-ze3n5-ybpiu-htpqh-xae,312502
fygxr-i3lrd-3esj4-yfxsu-weqri-s5mtt-mbiin-7d7l6-iksms-b4g6d-nae,rqjzd-bg2vw-pmzvo-fk45m-lkqot-bwjfb-eejwr-dtbsg-ww6uq-rc6lm-nae,312525
bj4zi-bd2ae-jweqs-rg26w-mz3do-lvgna-cuaud-2xcjn-svaf4-ox75y-cqe,lh325-fwyma-gh26c-opow5-zd443-ta63o-lbq2a-x5zmx-i2w5r-gcpbz-5qe,312537
ccyzf-6tlyn-fsmb4-7lgxn-xpr3j-7gzoz-3h2t3-rpkaj-gevai-dci3u-jqe,lox3s-6fj65-cne6o-m7pnl-irfj4-srfzh-swf6k-ng5nn-bnurk-izydp-dae,312505
p5kek-uihe4-2rtmk-7f652-ffzje-kqe27-xsaya-4pso4-lwhtv-nbxow-lqe,yemej-5ooc5-v6yby-qa4p3-jqjz4-5wap4-uzh6p-g7m5c-opfge-abesp-pqe,312500
cj2jt-hpabg-6fho7-bs4kr-f6hnx-jf7lj-4wm3k-h52qi-qz5lp-xzpqz-4ae,gqe6j-mmwk3-ijfvj-bwutk-iy5py-36bsn-4spqu-oezmq-3iojh-g7qlt-rqe,312515
2cbkf-ixww7-nuccc-li37j-ay4t5-c25mu-6jvaw-pmkr2-acflz-nebb7-mae,bpykx-zy7da-mqf2e-hi2cr-5sdpt-xyvvx-7ayee-ba36m-4kysg-mwwwb-lae,312508
ws4ol-rnpwi-th2wz-u6dhx-qfwbi-b2blq-hme3e-jgn2x-bbmjv-blcx6-oqe,bw2vb-5xb6k-ekfkw-b56nj-z3edi-34lim-q4lwk-rjyys-gzhra-mjhdd-yqe,312551
jhe2g-2u6cu-jyk5f-fe6qv-osofj-tfeal-bu7i4-jniie-5ijwp-te43x-pqe,qlv5q-utzwl-kqisk-k6hht-lfhlp-3atfx-nwsuk-6yq7e-d6dxp-hagzh-bae,312542
krdy7-hx4wd-gwkwj-n2c34-mmhe6-gkuy5-n26pp-hsdzs-2mfge-ut5zz-iqe,7j47w-x3tp5-szcoh-euz2q-spfra-pedjn-j7g6t-b32jp-rowog-ml54r-qae,312522
hzres-bwez7-va3ip-rmwkw-psdof-mwi7b-hhg3e-e74mf-b7pyy-5o42d-qqe,e23nx-fhgmw-zmuhn-vpr7m-5hbpe-4fkfp-pm4em-6viq2-27ago-43eew-uqe,312527
srxi5-uyrz6-ahvmi-tjz3o-2v4bf-wotpo-ejhs2-ugn2t-vvgxr-ie7ru-kae,rr44n-qrlto-tugwg-taa65-fah3d-n27ss-pa2e7-vdmdl-5owc6-5l4sn-uqe,312587
ppiwz-4bcb6-2owej-q3aqr-7oinl-xl2g6-gafcw-2b7rs-ebsvb-imhh7-iae,hqo3r-3xcni-abuqh-umzp7-fh5f4-s74ct-ua7ln-dom46-ase66-z6uk2-pqe,312510
bpcn3-iwqjo-zy6ik-rhck5-g3u6m-7f6lk-n6pgw-ky4in-v54ku-tjzzu-pae,ejlw3-dlpmu-n4pan-mzwuj-nvhx7-gqvtr-vg62u-zb5fo-4shsm-mwtvs-gae,312497
qxfji-qvl2u-6wz2x-w7vkg-l4vcu-eagtp-ye62f-ufvow-gtv5t-rr2ki-kae,b23mn-ywima-qcnn4-vgln6-t2tit-yjrlj-tbwra-zc7gh-ha4v2-np47z-jqe,312513
wvhgh-kcfkt-ogi7u-yvg73-wcw2h-j4ed6-jj4cj-rlc3w-awa3r-4svkn-7ae,j4q2r-ywmop-bz66p-kcd6p-xphth-j4kvz-wth3l-6yfgk-2nq4f-6ytrm-xae,312530
l6aj6-wjza2-7zb3d-cp4ad-p7u6f-aumxr-d2rwq-2f5iy-mphtl-zqajp-iqe,ocpk3-hjisv-wn7oi-m6ucz-7wd7w-enupj-gho5e-l6tp3-xp2as-s7lu2-rqe,312548
5nuzy-ulgl7-2l6xz-cyjkz-ftlrc-po3va-nrtlt-7bh3h-2df6i-bfpft-tae,o4w3b-z7gd3-vpa7s-d3q5f-cczhv-kqn4c-ci6ym-oj77y-2dsei-hipil-dae,312546
a3al3-36pvo-qwaa7-pge4l-3apvx-lrzdi-wxsue-slfi5-xdqz4-sz6cz-nae,4uh5b-glg7y-to4t7-2kjp3-zz2n5-z26e5-2brmr-tlpwo-hocet-sf7fb-lae,312524
2ejyp-dy3mm-6hwtz-ksnkj-52cqt-2w66o-xyums-uysml-4gxp4-zaxr6-iqe,z4wya-5xjcw-3sgcw-uwtvu-drssr-6oh3i-htnci-x2kbf-aq6uw-6yzju-kae,312520
qmfkd-yk4xd-eqp6w-cb5v3-lg6uu-zzbgi-lnp2w-ylbg2-sjw4l-6tllu-cae,26skt-chiii-wiclq-ved3l-2cpoq-y5lnd-ugk32-3grtk-nirl2-e6kic-pae,312592
enurs-adxby-tot4k-vn5w6-2sqat-o3sfq-fno7a-pevjq-op3o6-gvz45-eqe,cocaz-7odjw-laagb-ck57f-s6gec-3fet5-vrh3g-v4vjb-gryul-7k4dy-mae,312566
3zvz6-hcewz-ozly6-r6c4n-46lvw-eywkc-rk2ro-f6vll-fxvwr-eaazn-nqe,y4rcz-ud46a-ji7xp-mlmc6-fhj2k-fxltd-frhca-odkf7-ari44-2vsbv-4ae,312557
jdhuz-z3fcm-iyflc-j7wta-az2fg-4p7mj-mnprw-g7dxp-3rtya-wk6j3-4ae,fqtun-nuygj-q7w5x-ybzvs-kirh2-5e3ti-ajx4n-3ldve-rdavc-vw44v-xae,312523
rgdbw-sb3ua-zppb6-na2es-fndjn-dgjc3-75zsm-enuqr-7uxs3-6sky4-7ae,il25e-7ncru-p5jb5-zu6tn-wjetc-nmh5d-4aplx-qre2t-ww6gy-ahtzz-yae,312570
aagal-eam2u-6afyh-6b5lh-lpsqb-2fxbe-q6qyw-x7kyd-nrcti-6msvp-vae,z6a3c-x7zf5-5u3iy-jfiit-6nb75-kc2ga-4lgb3-rii2o-b5p27-vbzj4-wae,312555
ycarr-baiig-zzwtl-f5fqd-k33rj-t6xhw-vtcwx-ys55h-u7sqx-kfs2c-jae,z4fi4-knobp-rcwbn-cumcg-kpz6g-uhhji-u22l7-3qk27-qhaai-tf76q-gae,312564
wujjw-52r6o-2acrw-bzhow-hcuph-fu2cg-sic7i-zlmnu-smdqr-f7ogl-fqe,3bltx-ip6to-mowxj-zbc5j-k2sdy-7upw5-pdbns-nkofu-py7bm-ehv34-wae,312534
7lcvm-w2h6h-co2jz-bjetw-5wfdj-4vkgv-4qlen-webff-doi7c-uulel-mae,cw3uc-ily3o-kvo2k-rrx7r-hxffx-zl3oy-7eafg-c2pzs-3eyly-576hd-7qe,312578
5dymo-sc2gv-ozr5q-ebjim-tojjr-vq4xi-chjop-h3azw-u7rnr-fpkwq-pqe,fawk2-4po52-f3bnl-rurix-qhv7a-uoyxt-m73m7-cwl5l-qsena-itln2-uqe,312585
7lfr6-wytkw-npsaw-4lfu2-oojdg-n34lc-6oeyb-2ik3b-tg7wq-i3qjs-gae,vxa3f-iltxv-uabr7-gtjtq-fhjns-3biw5-czfgm-fosuu-rbahd-qpigp-hae,312533
34uv2-ajd3d-pgeya-gvupf-cwwbt-u2ejj-c7ygq-fvrwo-y4fc5-maqru-tqe,74ko5-yye55-ejzsz-cjyzy-whf33-3er3p-dqqoz-egzmt-u6v5q-5zgpj-gqe,312589
zxhqp-lyf2r-ktmco-onu4g-2emcw-ukr3b-igcs3-srnvd-u6sdm-zea3v-sqe,tt5do-b5jre-6ridw-pnxl7-py3cn-sgkcz-wysoz-tbuma-ummve-6tyun-7qe,312568
uubug-tqvhr-hdaqh-fh3kz-wjdc2-ojh7w-hz67i-7hpkk-h5qvl-qbnxa-fqe,c6uzj-652rs-jsyqz-2vohz-f6tpg-jnkus-fy4to-zv4hj-ca6s7-xql4w-iqe,312544
gc5qo-aomty-mt72q-57fg4-y6jsg-o4ret-6n2uy-x3fkw-4fcgl-pohkj-nae,mpzb6-u5fsx-ju77l-osms4-jo2i7-5luwd-tij7s-k3guk-dried-xrfon-gqe,312572
tvwc4-v7ybb-qm4gd-a5end-oukyn-hy4bv-p7g55-2jekr-2kjsn-ea7hd-xae,y62yu-j3kmj-dsu6b-mm7og-457ki-helnk-kr44v-p3agl-5mztr-mfauz-uae,312605
lhv7m-66ogg-wnbt4-qrofd-oufgv-k3gmi-g7ejs-rhyvn-irvqk-otvg2-pae,g7tra-vsqi4-5e3fx-gsmv3-dhuvg-4ecan-nhvf2-jppgg-k2evr-3edic-zae,312586
svbxn-lf3l2-zrszp-ywisr-qfex6-ubdiq-7yvjm-updnp-rollf-3lfp3-4ae,vqin2-mfk7l-reqbt-el23g-7rolz-wbopf-csgja-s7xz3-6h3zz-iz2kf-xae,312565
pc6ty-slshe-3i2nc-ms6f2-xdkof-x4usx-ixw3b-idd5n-haq6x-4onuv-xae,k7kpv-yvll4-7jyxl-iotmq-r5wrf-4yv43-afyq6-xp62h-ivcuc-ll22e-7ae,312536
mzwbt-zjbzj-jd7yk-t57qu-qwaq3-evhj7-dhf4s-oylr3-iyfz4-axwxl-3qe,jnrog-kz2q5-gbzul-m2qsr-smfyf-adz6u-g43f4-uwf6v-puw2z-pv3og-kae,312573
ficay-gu2tf-z4dik-afds2-zigzs-anqhx-bhy4b-jkx36-wx3pm-veywm-fae,hda5t-h5vma-6azrj-ztgnv-ub6ut-d4zcv-5bsqp-cg4q3-3udie-tge7k-gae,312607
4w5kh-3b5vd-o5bib-dlrky-cdl5o-n4inf-4xmcv-wh2bt-mbvba-p4na2-yqe,au65r-ly3mf-duebs-baqby-7yajr-2h4cu-6ryl2-wnbbl-uqacg-o5lja-uae,312597
h5dyt-datlk-742ae-hevyu-amjr4-w4gor-7b7nx-an2m2-qzfwh-cm5vq-mae,j2zkg-6oz63-rsywt-6ngzk-rf6xy-b2efn-p7xt3-x5p6k-ek7dr-x54uc-dqe,312545
jacz4-gizwl-4yojl-64ene-qo4ox-yijcp-qexsq-frmoe-djglk-3cwbj-sqe,n2mtr-hrz63-tdgv6-ahlf4-53vyc-mkr2y-uwxs5-cvj27-hllhk-5hhzt-gae,312550
2vhec-4oioh-xeekx-75ico-5rx4l-kgefc-v2iya-zloza-zl55w-svi7c-vae,kuxte-zilkt-ar2zs-4we3q-xhb5t-hmu54-tc6mx-5sxmr-hkn6l-eaem7-yae,312599
axxet-hsimu-frgrk-zryvk-gbyhv-lfdg2-vk44c-noa5e-zb3m7-72pqx-5qe,53r5q-34adw-tgnjx-vhjlv-bsdx4-j6se6-7jsqm-c73pg-kix6x-5p2cu-cqe,312577
vkgkp-onxe6-broqj-dmvv3-ufpsk-vu6cn-bj2ie-gs3ln-l26jg-cm4zl-3ae,e7sui-ugrhp-i4ot6-i6m6e-2u3hn-m5kky-zalod-ssdba-mtwgb-lk5id-kqe,312595
prr5w-c3lbw-5vcrr-lnixs-meuhm-exlr7-gwf5i-ptezi-clobc-g7oqa-yqe,ynjc2-hlzc5-vleyr-qi7k5-wodu5-4ps33-h5cxo-2jplh-l3oid-6nuw4-fae,312547
z57qi-njyac-vttku-lafor-6oisn-enbja-524gr-ppg74-plchm-e4fa7-dae,lo3in-mbnei-x2u5q-b53o3-wejdd-fckqh-bpaml-zjusc-jud6f-5lfl3-3qe,312580
ejakf-cy66s-3lrls-syif2-v37zc-pxwiw-5up62-fv4ip-72yhe-gdfhr-tae,qyxnm-z46gi-unlb4-xxtxp-4grkg-bc2cq-vd4bd-whj3c-4uebx-qfed2-oqe,312576
4z7dh-klcz4-ys5vn-y5iyr-fnfrz-oe2ts-qcpzm-iqovr-2bpbx-vqh2f-nqe,yimgx-lr2yj-7ul5m-nznyg-kolkh-6ummx-utkda-lurjn-ii76a-eliyo-rae,312583
l5sj4-pfeem-evn4d-34yaf-cv5vc-3yhfy-pvqht-lcgqx-m4fij-rdunu-nqe,dtbpp-36bo4-tjlpo-oylt6-g6swt-xd7rf-uguw7-qs7xx-coz72-ni43d-2ae,312538
6uyxq-7m2kg-4fhyj-qlaln-n5glq-d3e4l-3b2ub-b5gce-bpuma-5gfrf-wae,re2gt-7vwo5-cfvo6-cz7py-6adbi-siopu-2nezs-y4oxn-w2ljh-l5g2k-zqe,312631
2hzrh-26nlg-hmuj2-jugid-7untd-doaeg-2np6a-lkuij-37puq-yxly4-eae,obpsd-c6mtw-gqtsw-o6z62-vdg4q-j2jqz-opn3m-4j43u-u7xxx-wlzhn-fqe,312552
3kn6q-7quau-f7wl2-xeztg-cttfn-ykgze-2igqe-ljb76-yugv3-2uuz2-oae,c2iyo-mkfjj-i3cad-zsyk5-clf7v-vtic4-z6kdb-cgdp3-hgtpb-lkggl-cqe,312598
q7q3k-bvvg5-zbntx-5ci2b-n4ceu-6xbkj-esrv4-yh4ho-xmbzf-k6tae-nae,v6eus-hqj7w-ixlps-2kyay-hw6ol-i7wd6-46gkc-libnh-4laaz-hponb-gqe,312541
g4exw-6x4r4-6vkzw-4dsr6-mjmi6-5di5a-7m43f-45vey-3fhyn-xptae-qqe,zomhp-dkxok-udllm-4zzqe-pow6b-wad3e-nfqr5-rhhga-psyd6-6qrix-iae,312624
nweyj-tsduc-bydp3-w75tm-bucqq-24sqw-pkouv-lxkhy-qgo2l-7xup2-qqe,ipljy-skpxo-bcszr-lqtpb-nq24e-oqfm5-b3f35-xgo6w-2iabo-swwat-2ae,312543
b3nc5-cfoiq-lt7wh-dgsyv-3a6om-ckxhv-nwhkf-5ufwi-vpev5-jdyzf-2ae,wsall-i3yxz-rt3wa-a57uq-tpi4j-tnkpk-z55kr-r2odv-a5j7d-rnyen-oqe,312579
uyurn-fvidv-xsjvn-m3tvn-nxvmg-q5kdv-527xd-c7txl-i5fbd-tztf2-zqe,3aqiv-lwa7x-jspoa-xaxj5-4kh64-mvpag-wwd2r-acfyh-2raec-o3jo4-qqe,312582
ldyar-jowjy-dsdeh-niss5-k2tmw-7h7lw-2ials-h5qbb-3mf52-nyswn-lqe,cp3yd-hwee4-oeyc6-vadkz-75imi-lukro-4ci6n-3skkc-vj3lv-7ha4u-7ae,312590
d7quc-wgdlc-bv6r5-da25e-4xmp4-t36ph-fxv5t-4suzp-cwjfr-5covy-uqe,msqii-wz3tr-u2iog-jcsh7-p2k6a-lt7rg-xugrs-34a6t-z6pah-fruwq-fae,312606
uzm3o-v5mha-yxyd4-e5ovu-fojtv-3zvnt-rypd6-7zy2z-bw7jg-mtzep-uae,zxul7-qh6yt-riweh-oqk2q-3agpt-7qynt-33pfw-z5izg-kfbz6-szkcc-eae,312602
igcsf-65gtz-fqafa-af7sn-fwhlx-3rkp4-6awe4-54iig-3cghu-xgtfr-bae,yfife-kipd4-u3y2q-bczc3-wunil-3pr5l-2zgfu-cscjm-lgfzt-4zq3l-5ae,312558
zevpq-y7vsz-c2z6z-lhhuo-zel4n-znexg-se36w-fsja4-zgba4-r6ilr-aae,yqgvn-tk6n7-x2l4r-kdx6q-v7xiq-mxr5o-55igd-bzxnu-zh6n6-3goyt-aae,312562
bgs5p-ju3yo-b3b5i-eizwg-mglpj-mmusz-jdsup-cwqdk-wxsgc-6g2vr-dae,2oipo-uy2zm-u4eg6-zyqdv-lemik-2udpe-ftxc2-jxw2w-m4g25-7obhc-iae,312664
ankdr-uksj7-k5cmi-u5666-eiphc-gip47-ac6fz-7nbwv-h45rz-ocqh3-vae,efpgw-wus3w-rpyhx-bxbhi-uyx2l-h7jp7-ix24a-n5xeh-svfiv-i6lyj-vqe,312617
aenlb-n6ldk-jucjh-e3d3i-wztz6-b6mju-gxksx-6vwwa-g4pmo-5mul3-fqe,kenvn-q5bo5-f54av-6esau-46nv7-5xxga-aga4v-w5a7e-eixlv-actcr-mae,312581
7poam-ejbat-ydn4l-jh3cd-2sgzt-4i2sc-7syyi-vvbyq-jb5bx-uf425-xae,4phwo-zjyzx-xyx6y-tmnfo-u2tas-i755t-yvqoz-x5ty5-kisry-re7uk-mae,312519
qimtz-phozx-vje42-lt3d5-4ezjn-fcigv-7mqda-op4mm-xoxs4-2nb46-fae,fuo6c-yxzqp-2w5od-iaun4-x5rwg-kofws-4zilo-bentn-rh5ao-ucbzz-oqe,312489
7xup5-jsnln-547tj-6me35-5ps4w-qusby-db6p4-csudz-jnyek-fpp2m-3qe,gcq2r-e3d4m-pdsps-3ptqi-ukfzv-eybyb-kxel6-bxtx2-gl6lu-qw5xm-4qe,312612
fosoa-kiz3f-b7mo6-c6zln-pg3rc-eqnbv-hwyuc-gzg7q-cibyf-5rdgw-hae,gnftv-4x4g6-2hipl-yp7t6-aqxvm-evbl7-sfzz6-qyhgr-kjy52-burnz-pae,312656
bumeb-dbb5r-63t2o-us5fd-yu3u2-zvaqf-hn2hw-nnq3k-46mik-yn527-xae,e4rbw-r22g7-7lsln-a2upx-mkqqx-lkuxi-xacpq-uqaxk-hhn2a-cyrfq-7ae,312642
jjfhg-s33ft-7rhd5-i3nwk-iqgp2-zwjbl-aecp3-2smsx-djfi5-ujmy4-4ae,2b4gi-6pr53-ezook-qywwk-af4yh-pd3jb-df5ee-nj6om-hcizh-nxglu-uae,312559
5bbjv-rs72r-zyh2z-6pfjf-eqojl-d5t3u-jfl5n-pvcyx-2o24o-sz3yd-4ae,de5ho-5jr5e-r2ine-kumel-w5soq-vsbff-wfaib-6ijkc-2euvi-e7cnw-nae,312560
alyse-gcdpn-bqmys-gc55w-7u7yi-o6wgl-vd7a5-4ojjv-odh7u-zf35h-hae,knsmj-3czrv-6qgpr-pmgx6-uz5t6-tyaqa-oxeen-6qqfr-ebs57-r7fog-2qe,312610
dcodz-qqpoh-3dmck-4docu-eb3ls-na5bv-5xeoh-eb7al-yror6-d3ozv-5ae,77bpm-q66jg-vn5nm-slyr6-e2sxy-7oyfc-2mpun-mq46p-ruw47-gqps7-jae,312526
ulppw-cttr6-vfwue-n7nyc-7fuyd-5mere-iu4jd-hkxri-gfmcr-anvci-uae,zgyjd-3uoa5-p3rp6-athot-by3mg-2u4hl-dfe43-wr3dr-ch7l3-f2nkc-2qe,312675
rt44w-zapzv-7xeeb-eypsg-s6eue-jfwry-caltw-63jet-yknid-uweeq-oqe,v2pbp-tbd4q-2b4w5-noafu-ry25j-26vju-33gnm-up3jy-6uxd2-lx7or-wqe,312584
rxcec-negsa-wqoty-4k4dm-hpcyz-2fe4j-h7v4b-jdxvy-xpmdr-rd3wb-fqe,etr4x-hst4v-i3jm2-jd5lm-hk6b7-7fyyo-qwbj5-3cdae-6tshh-ylezh-4qe,312619
jhlwi-xqubq-bmjxr-dmwek-mueyj-x2n7d-aurzz-6dwkk-z5fl4-bikrk-iae,ums5o-ksa36-cu52e-qytz2-2jp37-ttjmb-vkg3a-7q3zl-lho55-h3z3k-hae,312593
oemct-2zyax-4qkaw-o5eni-iv7g2-2t7yv-jioml-miqs4-5n4nl-xxjey-cae,kwouv-yrtib-u5zx6-om4mr-vytvw-kmqme-ifbxw-midzs-al5nu-o6z7o-2qe,312574
gh2n2-jwpvp-enul2-aehq3-4tkjp-y72fp-imbaj-o5sto-uvupo-zrmh2-3qe,ynqme-gaj7t-m5ppz-qedxb-4egzq-lqpc2-vtdxt-afv7a-c3x3v-q6tnq-iae,312621
lwsk5-nlyvk-qlwu6-bpksr-qxsmn-dltnc-tq2i7-43x7h-vurav-tn3qi-sae,am7jk-7ly4w-dh262-wtu6h-hmlvh-toclt-xpdqr-s32cx-44buf-hoy5c-jqe,312569
qciog-hjoqu-p5ame-ry26w-qzn6g-x4djp-npado-rmkum-4clod-ltbo5-sae,gnfco-heuy6-dhw6y-tjiip-iqjuy-k477u-ohpne-v5caz-umcty-7olte-pqe,312571
vmrcw-zei62-5njs3-pef3l-dhxu6-cmlqj-grhyq-sp2ed-do3ha-gbulb-qqe,7qbrn-6mzzf-ueks2-xsv2a-jf6p4-jejxu-wlbos-6aycj-xyuco-66yvi-5qe,312531
e7det-h3amq-2ehrf-b255z-67kos-fijif-yeauo-kwmbc-kwwod-qgwxx-sae,mdpkg-77n55-ialpr-4awyj-tzmf6-fhgco-6fbu5-k7itz-p4r7h-fqqdt-mqe,312611
gqsvp-yqbxo-jyas6-osyk3-ilvvn-vlevb-ge7ai-cpcu6-vxeqp-dhod4-rae,o7hxo-tvvkt-o52va-b7744-n2rw3-ru2i2-zlyr4-tib2c-b2jse-e7ypt-bqe,312630
tnnfe-bbqiy-wpu23-urlly-43u4k-bcwzi-5ecbd-duov2-m7vym-q7rlx-tqe,dm5jz-j3vf6-w6tkk-jt7oh-4cejy-ouk72-kgceq-iemqh-zjrov-2iy7z-mae,312591
slvck-qdesv-vfzuh-cozim-3lxwr-dxiqq-3twvo-u3rrc-f6ecg-cgzhv-hqe,ukv2q-6en23-ahcw4-oa52c-7wwo7-skvar-i2oiz-nbhez-am2xs-b3aiu-dae,312604
bm3z6-5372b-l4vm6-qc7pe-b5uls-6yid3-ln47p-qxrck-yaxeh-x2hj5-lqe,mmafg-rvsfb-hpypz-ewant-2vget-lm7bm-orks4-e6c2i-iloc7-gjupt-hae,312647
wzvgb-gyax5-f6hre-55eoy-gxzdh-6ndha-e5kkt-2sgsr-qdcgf-kecih-kae,z4spw-h63u7-lrrio-melhe-qgb4l-rtvan-jqxe6-2ayok-anawq-kpoy5-bae,312594
u3kgn-mz4mf-u55ft-ty3gd-smxew-ilgdu-ipihe-mv35s-3h3at-r3nbs-cae,onm7r-x7klq-v7igx-w2hfj-dl2ts-eefc2-qmlsr-ed7gp-vszhl-geqmv-tqe,312588
gd6qm-w3pwd-25mz3-qyafc-zwxld-dtiud-fq4v7-s5qok-ugvfn-szkzv-mqe,z7uec-5hvaq-bv4ij-7ipyp-igskl-7gj6h-sgrod-vhba3-pq2gp-dn4yn-tae,312644
cpwgt-6tqz4-b4vb5-bn7vc-3ugdg-o5j5b-dd2jg-exwhn-xhfvu-cogcg-hae,fckt4-ntvuv-wtk3r-pb25d-3gmif-dowij-kqawz-jqx3f-ll7tw-qhwkv-oae,312575
a75ix-4odrc-6lxlg-lovlh-phgaw-rw5h7-76vyg-c5wiq-fptej-awgfm-xqe,uzfam-47iff-7orxo-b2guf-x5wa4-nvwtm-fsg2w-mudvp-rtqzq-m3i2q-vqe,312645
4af5j-jowxz-v3m7v-a5vo7-ip2bj-ttxoi-srriu-pbebu-ngyiy-5ylw4-vqe,3l5n5-v4fz4-mxy7d-qevg7-csyxp-prtjs-b7j2c-yy2ok-fr2ts-vkxxk-zqe,312655
5lkge-tt7hg-bqibo-s5ijo-vemn6-pbdee-zfrvu-bfgoj-yjabx-slyk7-iae,mcjsm-wjfla-2qf4c-udc3i-txmmv-eaa4a-tvsy2-6sxba-2u7w6-kharl-qqe,312601
s3jdz-g5qfs-sq5zj-gjop3-uirs2-l3xs7-nciks-kmytg-pvklz-lecaw-cae,nvt7n-yvkqr-tiv2k-3ux6r-kh67c-rkbzl-75feh-r62gu-uhf2i-bdojk-sae,312632
efufw-z5wnl-4y3ji-frhbk-6wvkp-fzyag-atdvp-jc4zn-plrof-tj555-4ae,dsaz6-djslu-rtefs-hxaym-fbj5t-npfmq-ufl5s-mynrn-ehlxd-f3jzn-2qe,312532
3675r-5dvo4-35jgi-lj2uv-m57m5-jd45z-qdt2m-tnhlo-agpfz-gtuuv-iae,4ilpu-2ojht-jq4el-woakr-v2z2n-dx5oc-ia5mt-r6exl-72ljz-f2mhg-2ae,312553
kztyx-6tllj-a6xio-wcqsa-xlt4m-nvtln-3ap44-5gh7f-beisi-75hgr-rqe,cn2n6-txlk5-vhq7t-5lekk-dyqt3-jlb2d-p232c-ue4nm-fb3g2-ssxw4-dae,312625
dlywb-njcgs-gcr5w-zrxoh-s3awc-ynzm3-xqjx6-wnblb-ekvyb-cxbos-bqe,seab3-ddgis-oojky-itija-qdfo2-if4wm-ymwzz-mcf55-r7lfz-kvlpl-mqe,312657
ph5vp-ph4lm-5qqw3-vtkev-swawl-n5ali-kp7py-bsy5k-e4o6d-5yrwe-qae,movxi-53mkb-ajgqr-k5z6n-jfoua-kpkrr-vuw32-cwbt3-kroex-7vf6r-jqe,312596
3aurj-2gprc-7525z-yv2op-rhbym-xtxxt-gqyff-lankj-h7kt4-cbrnd-iae,saynx-5dqxw-2lyyj-3feay-77gdf-a3wi5-tbbpc-an3gm-sexss-l7pdn-hae,312646
tkmdz-q2h75-ebfta-zcqc5-m4ybw-asyfq-z4aup-jgvh2-kgdfi-jtq6f-mqe,uzdoo-d74zt-uj2cm-x3vbx-semzi-43fi6-fdvvu-cav7n-dltof-njvsp-sae,312715
s5ire-xnsxd-fa5pw-pet2l-zppdb-2t2kc-22pef-bskne-pytpk-4y7tk-zqe,dws5s-sbaxl-ijjwf-3js6a-yedvj-ktl4u-qdk4r-cvj4t-h66zg-v2wgd-7ae,312549
zw3tp-37tam-3c4qr-5utch-x2jdh-2wyha-dgajq-huzu6-ta63s-aq3vw-yqe,b4fdt-prlcz-hio7n-cbu5w-lhkh2-2xuis-6dfmd-gxi4x-w2bak-gyoa5-qae,312668
pqdx4-2hbyq-u6evn-zlvup-lz6gu-vheqk-denfc-aaroe-nfecq-5mwvu-gae,y2dp6-fighe-wyvdo-k5d36-zgqf3-nq3di-4b6hj-hu2mw-a5pnf-sotzd-2qe,312705
nh56l-tue6y-jf2fg-pv27t-orap7-uexj3-2xyij-pbxw2-6hs56-7yavu-kqe,y4wqp-4pped-sf3fb-tqw5m-ia3ep-nbdi7-k4u5i-sex7j-vycyd-scxet-nae,312613
xznm4-w6l6o-muq3w-ore7t-xke7c-2hjrj-gnkdz-vbsne-xs7wt-sdo3i-qqe,l2dqj-al352-osoq4-zwcfg-c35m7-hljkr-t3tov-qasqc-gduvv-selni-3ae,312626
t3enu-cbr46-3rhtn-kvpdi-rj4r6-w7rgb-pwh73-hprhu-b2hla-drfvj-wqe,44imb-as2iq-r5cih-2w3cg-o7uqu-tlisq-gqzuv-ngmgy-2e3ah-ljn7n-nae,312681
76l2o-wkask-2gdn2-mhdmr-7fsic-2orxo-ewb7q-eljy3-rdpzx-tilew-6ae,6pr3l-cwwqq-b4n7n-bm3f4-azpnt-3ju5m-74dzo-svbov-czmbp-zlana-xqe,312622
3pobd-5tsv6-7bcpl-dgvhf-hevkp-x2wwg-dgrtj-aipjq-4qrig-rpeqy-uae,4rots-cvywy-ywv4s-xq7vr-p43j5-mxnr5-e2psi-omort-44gjz-oldkz-rae,312648
g2qku-mluz3-bl2ut-2jolb-lajpd-ealmn-hmjs2-j7tug-s7xw5-7pbcr-6ae,u3loh-foc5j-kygdy-ngpv6-ifsup-wlgvf-5lazy-hchzz-h3z4w-2ss7u-7ae,312608
cmtvt-oaiik-cjgg3-lqsds-aezzb-l42j6-rg37o-jruqo-jhsxl-i4uyt-nqe,3sozi-eght6-l74qw-iqe6q-okkrn-263tc-aqmzi-pvxog-auuwv-3i265-zqe,312615
dh5fv-gchai-xehuc-vz4mk-dlxm6-pqn34-edjsa-55vmi-kgth7-lmb5z-aqe,z3m6q-ttdcl-z445a-azu3z-7orcq-fwr4s-r4766-6emmn-5oxjg-cq55v-oae,312692
n2b5w-epy2f-3c2jq-yivu2-6iiph-ysius-vt5cl-lidci-mz7pd-x5hhx-nae,zl5dt-56taz-mp2wi-flvsy-km4h7-5nvlw-mas2l-7a6jh-nbpaf-w55pa-oqe,312637
zhc7d-qy6dl-arklo-gtzq3-iem4u-an3uq-7bdvw-jjml3-nzcfj-luxbx-5ae,dezjt-3yriv-hf7gh-f665t-2uueq-gics2-yczua-dff3v-uufzm-lwwya-iae,312603
4cxj4-mnlri-qpyf5-ocizi-cntxx-jl4uj-edvvp-aqfnh-bo3k5-gtzag-fae,acm3h-ep6xn-u4oed-7le66-jubwk-36abh-g3zrf-pwoq3-naa6i-7x7j2-bae,312620
rh5pz-as4av-gk5ee-emwdv-eipn2-4fjid-acpql-ivykf-ruy52-sdm6x-jqe,5dc3o-wjtgh-ijvmy-656ed-cbwuu-z4kfb-h7j4p-p7tm5-rzhb3-x2qu4-vae,312634
hiyb7-77u3i-esxv6-t6ofw-nw6ag-gs3ya-24vhp-xj32f-tzrsp-arxp2-yqe,tddvt-toqlx-wjbok-uomx5-d6ica-zu2ea-mynzt-6b4yy-v2pnv-xooum-vqe,312614
6x3qs-vo2qx-fct3x-rhwsf-h7wbm-l54gw-olpvf-5bccr-tdjox-tkcyf-kae,otwjg-5s4ml-vjhol-d3lun-zkjfr-vxo5b-anu5g-7qggz-jrcle-4oayq-oqe,312635
c6mvl-hza2h-2zyzy-vlomd-2ebow-f7kox-mmcnr-6fx4f-dfza5-emhyz-qqe,t2aqc-croz4-sv6l7-f6bke-7qisn-tomi5-czcb3-bjeyn-hgs64-mwip7-uae,312609
yuh7q-r57xq-jgt4n-jeizl-mvnto-lauqw-qtspo-t2yyi-7uwn6-b5ung-kae,4ys6h-fsdy7-acpni-vvkbo-k4w6o-2r3ac-hmjgo-ke64i-myay7-g4zwg-wqe,312618
lile7-5tsvu-l4w5w-xejvs-gko2s-fpm2l-azsxn-b7wga-vdjfn-nxlux-fae,h7xh5-ga4p3-kyw2a-h6uf6-rwm2s-mb34f-buy2o-f4nlp-skgcg-st4i6-dae,312713
m6fre-z4fwy-ca5hk-jjvbk-5uofr-ldki6-tywfo-woemh-3nk3y-si7qa-5ae,szi55-ysuxa-3yqjl-dz6u7-xbof2-7olsz-3ferj-qgrtx-lsqw3-apsyq-iqe,312641
v6oz2-2bkjh-gopne-nd3j3-jsjuq-zdoiu-q4o6f-wevlh-dc6so-ffbvu-aae,urdus-2ytry-vbcvs-hq3i2-3pudr-qq3ly-kczoe-paxiv-botbr-dcuhl-mae,312616
7mefv-d4tzt-rsyab-ksgeg-gmecx-c3nry-7zqny-ml74a-zzpsh-rl3vj-4qe,iwo2m-3yxql-kta5w-sgaex-nmwyj-f3cqi-aojjo-cfzzq-o3ndq-hpsl5-yqe,312662
xzvnv-bymr6-xono6-wbpnd-x46i4-ciafk-5rzzc-cq5tl-zjkoa-pdugm-oae,tsw2b-uctau-hdpi7-roexa-x3oj4-edplf-nwb7i-ow55e-vzeuv-jcefn-yqe,312649
paftp-m7euk-r7rn4-bpu47-ctwni-eaqix-2brrk-jipap-itx6b-vfk6n-qae,jf6nj-mskyv-jeeow-4rpx5-7wnlh-js2is-pxqbv-k2xne-iyifw-v6vli-uqe,312666
7rivs-dgmjq-e62j3-5qodo-yfj3c-jnxk3-ulnjn-zcyon-yc3zb-rk4w2-cqe,23ohx-dwdms-u75ss-65m7y-kqguv-2c427-boyhd-scsqk-wruer-7z6ff-hqe,312693
5znwo-lqrcu-gnpgc-cmgv4-6qsgb-xxef7-imxq3-o2lek-euewl-64hf7-oae,2uznb-vw4i6-w5sfu-5sh5p-ianuh-ojvov-e4rfb-x5w77-sz4ys-6iudp-mqe,312623
sgvoq-e7xsi-l5pfg-kjeiu-h2cfi-vhd5m-2muez-sldtz-xbydz-c2vzu-wqe,2fxwe-farxd-oggmz-ad7i5-jfjbz-fgouh-den4d-icy2x-ez4jg-4yh72-iqe,312629
lytmv-4la5n-gitq6-skw6c-2ron7-lqa5s-knj4p-ujcsi-lqc2d-6phsx-cqe,zlfef-a4rcg-2bbjo-s42fe-4ymle-nehcv-acawi-rq7o2-hu5ck-zb7vu-pae,312725
x32lw-jirrk-5mf3f-6cwop-dgbw3-d3yfh-hzww3-xvatd-opiuy-kwiqq-yae,3epwz-sk3j7-4qufq-fsf5q-plwf7-sog76-xmy73-363ur-34tqi-2o2kr-wqe,312680
zn4kz-d7xeb-oel42-5rmpb-di6jv-t4uk4-jeopp-546xp-rzf7d-oefhg-sqe,n6wh5-ospx5-ymdl7-3rddk-zdvik-2zkfp-mcjkh-i26dz-tw2fe-t2f24-3qe,312627
amcpj-5qarh-br4y7-pqi6f-tt4lh-umnbi-kqx6y-ffbaz-dpjcm-vdrdf-gqe,upxj4-4vpjq-s4jet-amsad-jmxdf-f5fmu-5lfpy-zpker-z7dp5-qjpeo-hae,312628
ndeh3-of63n-ltnnb-idtlo-nsilr-avcql-p73ms-jja2p-j3qki-sa3xq-tqe,45ygb-idgru-nw2jr-735vx-3hwxe-reicd-jv7ii-q5hco-2c63b-5zyxf-pqe,312658
q23ui-so7bw-y2eu3-xjss2-aaytg-buztw-7rqk2-2ll2x-7hxx4-ffmln-nqe,elg2l-bqh5s-6csxe-x2r5n-hoevf-wvbh5-jqjqc-qmast-sbqnm-kzpse-3ae,312653
6lnlx-jaejx-iazzf-mqevo-tm5gc-kiasu-jc5kb-qbwh2-c4nqu-j3jc7-pqe,ym6fp-65dkl-so42t-jzec4-zzg3q-k5nny-qu3oa-lpe6g-qbosz-qpdvu-kqe,312651
s4fjt-5lvhw-j7uql-fbowe-z4rij-7inck-5irlf-2lmk5-3dt6i-yr24l-eae,qexp6-vztzm-kj4md-tuiyt-itaoj-7f5oh-qyjwz-epxts-tgcy6-n2652-eqe,312689
pw33l-53sgp-pi6hk-2lgvr-7esmd-6wk4k-shprt-rqpoc-bhfgv-dynzw-jae,ddedk-xeu36-op55e-qalc3-lmjyl-fg56b-cg77f-mpao2-2edj6-g3bck-aqe,312669
xcoyz-gmts5-p5mdw-uthi4-ntp6o-umsbp-yjknw-j5ucv-wdt5d-mhqve-dqe,uuvpb-4bul7-zbecp-sembc-z34dh-5tv6j-4xuc2-ska56-m7y22-swziw-lae,312600
xisfn-5vusb-233o3-yredb-ds26c-xmohv-iuzvs-hzihx-nmypj-phmm4-aae,zygdj-h2otd-pr3hh-hovjl-kyu23-fb47g-45foi-y5aef-bohkw-57nv2-7ae,312670
llcsp-qnzg6-5vbvq-qffy7-pdrxo-yiqa2-efbdg-lkj4a-yeqyo-ykvzl-wqe,edygi-ck4pf-hydfx-fuj42-wdhal-mcfnq-b5tbw-j7jx7-umpje-xlfrg-mqe,312659
4gxtt-aqurf-mh7nr-lh7fv-sklzh-jiplm-eglfr-awvgc-gxnvi-idrct-vae,gtgj5-lribk-poiub-t6t2j-5wnvq-bvngz-ucjfa-qcyot-kswnl-p6wqx-5ae,312665
ab4bh-jjbl7-2bu4n-vuegj-vmn3o-e3ynp-jswfk-ntxhk-qkghh-tj36z-zae,2t6zl-4mkpa-gtbtk-cjtrs-4ilme-qucyz-njcq6-mxzkr-x2zym-bfgat-gae,312698
zzcac-cjmvy-6mrl6-n237y-h4fkl-rd64t-xx2vg-c2hlv-pvxg6-e4c56-nqe,4jilq-27lm6-s7rbk-dbb3x-5ovl3-q6zw2-bmoni-2qcji-ifeit-ymxhn-xqe,312694
ps7hi-gcx3l-nzbxw-nzs43-qhktb-5p6l5-7xzh7-o6ac6-m7xay-mj6at-aqe,mtqe7-skuqn-le2kv-sz5qh-aq63p-ft4gh-p6ysu-pzuml-2bowk-x3ixn-bqe,312677
k4fof-h7eck-hbeyt-cr7rp-2pzqi-6hr6u-ookz6-ik3bf-epa6y-j7d4t-jae,xu762-hr5an-usyh7-dfnol-yyp4b-k5jel-sdzgf-woste-422ij-nffco-pae,312726
aiejj-dqmb7-fjdgy-mhd2h-uhvf3-qstlr-jwb4v-ozisx-gtcbt-ouhau-zqe,tbo4w-sfehl-rqk52-ibar4-sky6m-oyatg-fqcu4-yvimm-wrs3t-jvgxr-4ae,312638
rnja2-crnt7-2qhvb-yxcyc-gryxb-vwnt2-loghl-wkxrk-5jclg-5f7ur-6ae,tj5io-uab3q-cksz3-wnyyp-hwffr-inctk-nihtl-a7nbk-zi6m4-b5odo-uqe,312633
4byxx-bgtvb-6wrsi-5rsp4-bg226-lcm4t-f5m6a-xfap3-zossd-rl7n7-mqe,xd574-6zxtw-n7nrg-a5o5f-czgwm-vbgyh-tgvo3-pxumv-zlmww-6cjnq-sae,312723
hgbh5-qad75-td6gz-d2xpw-aeoib-phz47-l4drm-35ppz-o765e-t675v-zae,hnmsl-2ntmn-mty7w-3nq2r-gilu2-wzwij-gmwz2-mv5c4-d2atx-cxa5z-lae,312640
fz3ly-iggee-4vflh-cwhls-6qymi-nnaxb-goxep-dh2yw-czg4k-pfofc-oqe,epvrp-2gemd-5jcee-e7zdi-52tpj-qpqwm-tkksj-4hwjw-kredy-hg26k-yqe,312703
wrdzx-5wh73-f3ylv-ckbcw-xdihw-6lr3f-ywkbh-cn2mm-tkef7-x7lxg-fae,7h262-jn2sp-e32np-ekzcb-a4dz6-j4glz-phivs-vn5x5-ntkzi-y2lxh-lqe,312643
bvld2-6lsip-fqma7-rcyui-pdqnr-g3gw6-rwiw4-ggtne-syxu4-ehk62-pae,euod6-vbbbg-5m7vw-3c6fn-wpoli-nq7tb-n4vkz-a6n2w-oegoe-jiifh-4ae,312685
jknw5-oapeh-j3676-7xaty-d3f32-pqww5-qbmd3-5h73y-qchkr-4sihd-yqe,apuzq-jahff-z6jgb-g6j6i-qbu2a-ufn34-puerz-ntkjl-hwyi4-jsnnw-oae,312636
ymrzg-b5pae-eac2o-pxyja-5hd34-vwd5l-2jv6q-yjpus-buwai-tetht-xae,ojue7-ciak6-ur7fm-zd6jz-nxhlj-2ggwc-qhdst-rio63-2rxe2-zcbcg-tae,312650
npavn-wiibb-lzpqf-xyezh-ydoqi-e6egp-msmm5-sfznt-dmrs7-2lwhq-bae,iuaff-tt53b-yckgv-hminp-pjlkr-fxttt-sjvts-zctan-eb25a-lojme-jqe,312672
z7m4s-kjxt6-r6dz4-oplrg-rleai-upyui-uajos-zmglp-syx3v-alnc4-rqe,r55c5-fppu5-l7ilu-e5tlv-42qxt-oeucg-rqzat-vohg3-2p7yd-vrzm4-3ae,312732
yl4ez-gibq2-czrrs-z23wd-zm6o6-dao5b-ppnmd-ar3i6-d46fp-wgnuw-gqe,svrhh-ewfbx-po54p-yzsiz-a2my5-omvql-kzwtv-vjrjg-r5lst-g2y3e-nqe,312661
zrbmm-dudxv-deqks-7epfa-wqqfr-yvspm-fifjb-7qhss-jd7gn-avr4e-bqe,slvz4-udple-oaxb3-o3aag-ve72u-7jfle-f7dfl-vl65j-rsmp3-hvplo-4ae,312639
kusxa-y27zp-ofd4r-qoq7r-4fgio-rffhe-vnj42-m2ckm-rsqbt-jvyhe-dqe,dgdr3-oeumr-ocdpc-dxklp-bxe7c-dctgn-4yrbv-aems7-faf7t-j7ajn-pqe,312652
xsaam-3omov-r27je-wvhs2-gybjs-wyxrg-dcr2t-qspgw-u6fcd-anqd4-2qe,spmls-ww5qb-qdkm7-ekjjv-4taqd-q2hal-gthrl-ar5dk-vx4lk-mwedp-qae,312686
ghxah-7wwlu-gv7ph-nxgpy-fhsy4-6dd4p-ssywo-ddqos-3spj2-smkqj-nqe,lzepr-fbqje-vh5hd-xzyqq-x3oji-gveel-gd2un-dg6bt-sojs7-wlig4-5ae,312716
skizh-dul54-fxwuy-qrn4g-msdzq-tuv6r-pqfcz-2uhcb-2a6at-kl32k-yae,soxit-avl7e-otkvf-wrthe-45zo4-gvhqu-mwpjf-ohwfd-6kgtm-t6mxg-iqe,312671
55eu6-qwn6m-tgvm4-6za5a-geoq3-f2y3d-kapw7-vufes-krv4f-v35ku-nqe,7gnzl-azfgl-rvygc-cw7gk-pqofg-cgont-jj6nt-wpl2p-zwb24-tauqx-yqe,312688
byvd7-mi3eo-rzucp-glotu-5t5gv-3iirl-ncbyd-j2jdv-fvq45-oohbh-kae,4mmyn-aw6ga-ctfis-fev73-sdykh-4vj4u-h2xyy-rgjzu-jax62-yim34-mae,312737
fq7sg-tpmpf-eeadd-bhhg3-c7brn-djy6l-i5q7q-wm2tr-sr6is-zasu3-sae,npdgh-7467u-46wpu-ymubt-wcqnp-47pe2-rwikf-nok3i-4mm76-jtyyy-eae,312660
hrnpr-l6d27-hfyxg-st3x5-ehteg-j7mse-z6ve3-trqj4-2cayz-tjotr-5ae,2z2qp-zbqux-dy7pg-wkvtq-orpip-cg5ab-xgsrj-anytq-qiha7-iyzho-aqe,312710
os3xz-gb3l3-3im6a-7pcu2-nueu7-bsi3a-wtsdu-22epc-z2xk3-7muqw-lqe,uoi77-2le7v-4bqou-n7nw3-k7eg5-3ptp6-s4kru-zersz-suerp-sb3mk-dae,312673
w2i4y-cbw54-tcdad-73heb-vzgf7-cba6z-wr43t-7kmyl-2d6a5-6e5c5-aqe,pjxce-wq6zz-pdyu3-boqmn-em3rs-6wvw7-f7pha-vilqw-wrcit-ezaqy-2ae,312701
xjc7p-ih7mh-afj3i-5iexx-b3yvi-64hen-tivva-ubm2t-orcy3-vyac3-eae,vv44d-eweq6-rnbwj-ly2j6-xtagb-ifcr7-rbuyz-mnveq-3orxy-n4hrb-xae,312720
pj5kf-75c5y-wq4k4-isqyl-r2zfz-hmahw-2lz3t-o3zbr-xzrur-yflvl-4ae,rjare-vo22i-ywnpc-7hbfm-3rtea-fnm7g-afakp-uqker-zmprw-c7qnn-kae,312654
los3i-bq2hv-5tsga-rjpg7-ap42g-44a2u-52zwd-wfiri-vklnq-fkual-nqe,sgqjk-y3tri-3kt3w-lrari-3auni-2xcjo-fpjqq-mr2dx-mvchc-ne5xw-dqe,312690
ohkad-netp5-gc377-45jg2-so5ri-eyk2j-2xpnp-ga6bf-fw4as-hf2of-3qe,lq7he-fe7v4-4ycpv-wmjrm-3ejs3-nj5zt-ou2hh-44gia-23dec-37z4o-3ae,312740
cp35t-ndwgm-mg4if-b72nq-ukbsi-ckuhv-lyoxw-lixm5-yez2i-wh4vu-pae,vajhs-452wi-jtcep-lpkdk-zataw-j2tsp-lrnqd-p4ril-tpr7c-dztkh-4qe,312728
kzu52-cjnkh-l7wx6-be3c4-ajw6r-pgbts-dw35s-k2hfd-amazw-yykv2-pae,pjovj-wfqvx-yzsit-j54fj-r7nxq-ypx77-dx5r5-ool6g-c3lwp-t4vrr-eae,312714
kigmz-qhpny-lahxc-4y3pd-vsah5-k3i3z-3oiqh-oomy7-dvdxj-lu3o6-rae,yqfss-7fxen-fjbzm-3skhs-d3fb7-gek5k-h3zcr-k34pi-zyftc-chgle-pqe,312697
mpgpb-mq2ck-ysvro-xntcq-6btfs-dqd46-uhekb-x7grh-qsmxn-aadwp-pqe,z2b7b-4x2xq-wzwct-5yovs-5d4yu-5qglo-2y7rs-bb65f-3kaej-l3kgv-7ae,312678
66rsj-prkt7-nbccz-s6zrv-dnqd4-ogmor-yrqwc-x7le7-p4wdv-rohmk-uae,v24cr-v3bjn-wxcot-wv4wt-kxlnk-ee4zg-yrm5t-se5ky-dhjg3-a666p-jae,312708
2gawe-2bvwn-v6eqc-7h7gv-2ijce-po7h5-kwcey-2gj63-prr2t-bgabt-hae,6gtwb-ueapt-dzapk-bz5gt-6iy5h-jk5jr-jwaic-ypekl-vx3vj-awkkr-wae,312733
zcf6m-ryxpf-tw2c5-ty3bv-bx7fk-t4zwk-6ynhp-hbr2x-zqtkf-gsjhx-6qe,hknz5-6lr3o-56lz3-iz5ww-sycmv-uibu6-v4zs4-zlyox-sh6ll-pemth-7qe,312684
uhc4k-2g5ny-uilkp-3jm4z-ewowc-fuh3h-ba7mh-woset-fmsbz-tm5ti-uae,jpw3d-opnam-7q33r-lkeca-3xmvg-dwlzm-l72n7-pn4aq-kdd7e-tzjat-wae,312706
x566u-hrt6b-csdmg-kyt22-xhqo5-dag6j-sxolq-mlcq2-c4j2t-qm3sj-xae,xyl43-4nnxl-l6k33-zjcnv-padmf-fznbh-liovl-fgdhp-54iiy-d6adg-lqe,312663
cnwg2-xb65d-a33mq-jwzjh-kqmqd-hhtbk-ygikp-vgkyq-othsa-ialad-zae,dajnf-wt7da-rf2ks-5lv22-oxq3n-iunkl-kgc62-urtp3-cclzx-jy4rs-xae,312679
tufcc-chvr3-7ilf5-jwlvk-dkjo2-zsdno-ot7nm-m2r3g-pukbs-nio7s-lqe,olwx7-pvjju-f6ql5-ivpmb-3ekjx-ob6bo-i62rt-if25a-ca5x4-q26nd-cqe,312734
td4k4-qdpxd-3sefe-extpi-epoqk-3bwy2-7lb6m-qtf6j-gkjfp-4xixd-2qe,wz4tp-wm44j-dua3t-oc6zj-2l7dj-kc5e2-frkhx-s7f6k-5ehhi-bco64-3ae,312667
skne4-amwyl-tdles-xq3r4-kmpw2-o3mug-s6ajp-su3t7-w2wvw-uv74i-6ae,uhvlw-sqxkp-wn7hy-hfbeo-zoz5q-pnfcj-3xvea-fyh2m-6csxp-czirx-dqe,312741
wr7bm-em4tj-ibjyh-qinml-dnrt4-tph4v-6o7ie-i6l7p-l3ckn-pqamo-hqe,5ncxp-oqcv5-lcfug-rwylp-unox5-skvt3-4fmk7-ndimc-pesgt-grnby-hqe,312718
qfg4f-p5kny-vxdvg-upf7c-zlumd-pnrwf-2fhgp-axe3g-v7ftp-3kl6c-pqe,oup2y-foizx-ndn6a-2f2wv-2ytun-uzdqr-dlv2b-z3ob6-hftvr-gqpc3-bqe,312704
62i3l-ovhmn-dturm-7752w-2i7if-gatpi-5ybab-fc2s3-ue324-ezvo6-5qe,vdhrh-cjbah-ulfbk-ul2k7-bra4d-chud5-bn5kv-kayrm-lvt3r-n22f4-yae,312738
zj6am-ojs4j-c6i4x-dzgmt-bm6d3-3xatb-f6kat-dwvuo-b4qzy-jriwx-rae,a4i3k-fyff2-42x25-womne-lhioa-xhsci-vh6jg-va63p-vo4p2-cllh3-aae,312676
kxtkf-oukvn-6by67-lhjh3-4z4u2-gkwty-4zldh-4pomx-lop52-jsnv7-uqe,ujqsi-cbb2h-xogkw-lo5tb-afqfv-jeruh-723wu-dveth-r6c2h-fzt4g-sqe,312722
ks4ef-igvve-htkej-ocp7c-2bbhc-6kzmv-ei7in-mwlgg-onj65-pcyht-pae,xshd7-clhfe-7alg4-yplh3-zsqnt-tprot-5ucwp-bjlck-oksmc-7cnbi-bae,312712
66asu-q744l-dw5xm-t72hx-gsl3z-bp3o5-lpxuj-pw3xy-zvvxz-nhg7i-yqe,cowlv-77odv-lfrk7-s355h-owuc4-xukfg-3wx25-gac2b-s4odl-7xwdi-dqe,312719
ayxqf-uvryr-p7bee-a7gia-ewo74-un3hr-xy5cm-t3xpn-lryyw-q5gla-qqe,ntjlj-2kolp-sofzq-ezgjb-uqmdh-zbvvr-e373f-h5cls-a534n-3igxc-jqe,312700
wm5sr-drho3-j4jdm-lpkx2-ijlz7-rlqyv-4phj4-3q533-e3jyu-ynvza-sqe,vacmx-siaog-shhpg-dgkwl-4kmqa-qjq52-m5gya-gg5xo-aaucb-i4xub-mae,312724
d7vt5-6y3op-dqys2-w2ju6-xvqtv-ul7ql-5ve76-gao6b-tke6p-6shwh-3qe,olmxv-y664k-nvn43-w3ifw-u5srp-62k6c-mky2d-o25y4-d3by2-ggo4c-yqe,312739
f46jj-dt2lc-fqm6y-rc4ik-fyi6d-k7ihp-ddd3g-rotan-vujyz-acysx-zae,n64wa-vgvsp-eeaul-dnkjw-zwwcu-dnszh-uyb6l-l5hiu-j27fd-arhu6-vqe,312695
6p35p-io4l5-zxqzt-ecuzd-swm5k-jz2lm-cvao2-axxxq-gpzcu-2yr7h-tqe,omtek-fr5hk-tah4a-ionax-ck62x-cvsf7-lt64e-2dhfo-foezx-nvfpi-2qe,312674
md6ca-h5x3j-iknkq-z4yqq-qjphf-b7x53-ez2kl-s5xhk-r7wwa-mldqx-nqe,kcijc-yod4w-qldvd-delaa-i2alz-cmmg4-rfkyz-cunaa-t4nbl-4g7ix-rae,312721
ueg44-mb2bw-qrtx2-gdppu-tkstg-u66rq-piu7m-5mw2y-ryloi-j5je5-wqe,n5xoo-ryulj-bkjgp-slzle-ymidq-iyuyw-o2mqc-47bor-kk4h4-o5jpn-zae,312699
at5yv-5tk3e-spd6k-2orjk-hbll6-g4537-rckxs-av5pk-hb5q5-7xfhm-4ae,3n357-dfr54-xa4f2-c63ja-6mbx6-oynxm-qhjuw-7pwse-zpoqq-zvblt-dae,312702
g5kax-qxchw-de3kb-mtn6o-gdwol-urj45-nuf2p-gqd37-xdcsg-itree-yqe,ujfh3-ufmdn-t2anh-oxwkg-g4th2-lw5e7-zdk2h-6f7j2-qemap-vc4hp-kqe,312696
nepjp-mxdxi-k7ein-uc3ls-ayw3h-x5twi-3556a-j5adc-nmkie-zqxwg-jae,bv63w-6walz-6xb5y-wm42f-yafas-e4ovj-owh27-trwew-fjq4n-nhsk4-3qe,312683
6s7k4-2zpxt-fyr6u-ioke6-apscc-muyyb-hwmen-5qzzm-fmszi-pt2ub-tqe,tgeja-xcqfe-ww5d3-xa7fo-lrmc4-ykcgu-ry667-gmvfn-klno4-idlf5-mae,312707
xa6pw-zpio6-yb434-cincf-vjdf2-jvwfv-ku3ci-sop7w-pvu46-pinvq-5ae,frr2p-iyhp3-ioffo-ysh2e-babmd-f6gyf-slb4h-whtia-5kg2n-5ix4u-dae,312744
3xo4j-oqbmq-n76wj-ryjk3-i7mth-x6u4p-p63b3-hckvi-axvlg-665va-kqe,vkxpk-5sn54-q2eua-4kpnq-syfsh-mac2y-wwuoc-d4n4u-qwx5r-z3hn5-eqe,312687
u4pfw-mjpzr-q6vhm-vtjl3-j3zqy-lvm6i-ygxg7-44ujb-ak27q-wwihf-2qe,6cqjm-p3k2n-mfgnk-xi4vs-yljhb-b2s2w-rdt6f-gejou-2cdnt-bjih4-vae,312682
j33f4-omom4-rzf3s-p6s3e-tic2i-wd5if-tufre-tf75z-l7fni-3hrj5-3ae,jm6c6-j7n43-rdnbe-nclp7-nikfw-2zd2f-7arch-75pmj-sqqez-7kcw6-uqe,312736
dx2u5-ywunn-sxzg6-e44yv-ars7r-7ctsk-nkovx-st35i-axaj4-rr3rh-bae,po5gs-7yr5v-vom4b-qdo3j-wblz7-a3ylb-jfpil-7m2x4-ihirh-po3ta-4ae,312691
jrwmv-okhxe-zvvtg-gkxmb-ncvr4-ck3vn-pks3e-z3okq-urbxp-4wodb-lqe,bvu2o-upqgf-bym2v-c2cbi-trror-4hv56-nlrek-u2vce-o5323-y2x5e-7ae,312129
52bc2-gydpz-5kbqd-4fnm4-qam5q-wcvim-upe3a-n5ugd-o5hem-wzqu3-uqe,boohg-dx64l-lvgu6-ix3mq-5ozj5-amhsz-tfi3y-w343v-bbe27-t5kco-vae,312141
ersni-omw5t-ccdhv-iskm5-3knpx-tmxya-hag4h-jinsx-macjm-uaizw-gqe,4dn37-2wcgo-opqxc-dnzlx-va5bx-lhd2x-z2gk2-fz54l-5g3qe-k4uaq-fqe,312139
k4zd3-d6yqs-oypdj-badxj-x23ok-32itc-3vddm-xypvh-ngrja-lynq3-6qe,5zcj5-ldsrc-tu6m4-c6qf7-epbw3-rp4z7-5y2fw-ul2r6-pcxxn-urhum-fqe,312131
pavn5-mikr5-gx633-2xrzq-evzma-kde4f-fggun-gzkaq-7f3uf-kzwyy-rqe,ouion-44u6k-2nfkw-bknxm-g2zcv-qg4i7-s3ve4-bquip-wovnp-hn2d4-jae,312090
7sgye-dsz2x-vx5nx-4qcrc-xodo6-r32fb-pz3jb-loyrt-eyytz-yeyhq-eae,itaqu-djgkb-tuowv-23p5p-xisps-zye4y-4xmvu-26vrj-l4lp3-fgq3i-nqe,312103
wevjs-isndm-6oawk-kqncd-iovmt-ldzjg-lcbw3-cgtwc-n2mvv-ogru4-sqe,paxvv-avzk3-hgf7u-4ruud-yudax-7w6s6-m4y7r-sagac-culvc-kgwhb-xae,312130
s2r2s-3emtv-n3o4x-33jns-mzxdn-hnaoo-rvdpt-55oel-vs4lz-375qy-fqe,js7sf-vlgfs-7nyzh-sqmuq-cvc7d-olhpn-fvtzz-ruc4i-vfl2d-zzkn5-3ae,312093
t3t2f-mwu45-q75br-vj7og-jrifx-rkyrl-hrgxf-blfj4-hde6t-w6qtx-uae,4lyut-khsfg-g3pjz-xlkvm-oa5gh-dislz-vwogn-lsaox-rjgne-yopmu-kqe,312107
tly7c-ibml5-bmaiw-ixvvo-pu2c7-psnav-7feyd-6yw6u-f5vgf-lr5vr-yqe,laycs-ddxyp-zb44n-igxep-u3lnw-m4l7v-5o4fm-2g7yp-32jg2-px42g-oqe,312134
phmdv-2nv3g-3aqjd-5zeij-2kqzc-iwuzw-ckud7-oejaj-7saj4-k22th-hae,wf4lw-wlcv7-7y4yb-onlhh-6fg65-f4yv7-2hjam-dxh47-xq3tp-dv3x4-3qe,312140
2or7y-wdoac-dgh6x-wtpej-asjt7-6lvkc-k6vsb-el64e-bfgse-nmm4i-aqe,jbafi-7d3wp-mitwi-dsuea-5j2bk-6vccg-7zn2v-iaark-523bi-gyfrw-eqe,312146
xrdzz-ilkie-32xj5-5w5g3-4glik-uxums-wrvru-et5sm-gkml7-smmc2-uae,iwjo5-4sbv5-sple3-nygjl-m65q2-yth76-vwebc-rdecm-7oj75-tvpta-aqe,312108
tdv7q-sdovy-s66xw-4r2rz-xmufq-shm2s-p5eej-pu3jp-i5hvd-ggzkp-jae,g4wed-yjr7l-ia3sf-3s3ve-fr3gf-mrp4k-tomu5-eeguw-vpaeq-ygkev-fae,312113
lzuvz-5ak4l-jfgl3-utkn6-whfgg-jurpe-omqcn-fwsiy-uhvqb-jhczh-qae,24nek-epyxx-koifz-5k4ai-2ff5t-4urnm-6lnle-r2iyt-xrtep-swho7-oqe,312112
fqegq-j4sa5-463ct-cmmfo-pjj6h-rghsa-j7mr5-pyjsc-ywwnt-bilc6-fqe,bl3hn-eh7uy-epwlv-4uje3-iorlp-4dou5-tiwyf-bxhue-xyts2-tq4zv-6qe,312117
6w3ey-ihfcu-orgx6-ofjza-knlwn-eyjow-ivqqa-jy3tp-oss3c-77by5-5qe,5xz4c-yhrj2-7ro6u-mvc2f-wq2wh-37k7x-nawmk-gvozl-7ksat-27qtq-lqe,312097
raar2-audbu-bmock-gllur-wmvbd-xrgfa-6mmxf-mctdo-cf7hc-mvegv-nae,cf7n2-ytf3t-sq5xk-p7k4s-nmc57-wnsbr-lyzvi-avg2n-3rowm-wkgfi-vqe,312144
4j25c-mv7cz-5zlga-5h2vz-4cvwa-flkxd-ik77e-l44r2-e3qq7-5433h-sqe,4xctg-pvwk2-e7jgd-efbhc-4fhrv-2l5ct-f7tae-4wtfv-occnm-bjh2t-mqe,312104
hndrx-cg4q7-sydsd-pro3t-6tsx7-4ykgz-uygar-c3dz6-uvjts-ixuqm-nae,2wfix-klwxw-ncyc2-3xida-thodx-t64ao-qbzyx-txkdn-k5w3w-ydvob-hqe,312143
myms3-gyv6t-4bpyi-v5bis-seflo-xgvwe-4trgy-q2wot-p2rsu-vwqch-kqe,ocihc-eysbh-7czus-aoavs-o2ziu-2foxs-pxvja-mcztn-er6q3-ugtrd-tqe,312132
be5d2-tvuaj-7e2is-ihgpd-ozegr-cnq25-nidat-7ij72-3ildc-pcwmf-dqe,t462x-oen4p-tjzgq-ef4se-impwz-2uyyi-3n56m-3qp3x-eumyu-72bnb-3qe,312110
txbxf-q732m-eux4s-m5jka-ezgby-y55c6-k75b2-idkcc-o42z6-mqobl-rqe,sanbt-afjd6-5b222-47hho-ykumf-bld7v-wfn5k-x5omj-n343k-vnuvj-cae,312148
oyxev-e2znb-ewoph-ll7d6-kqcbc-icrfs-amgnq-7kpch-jfzqe-kxtum-wqe,2z2jq-b7jdr-ca27y-eo7qt-eu3a7-3fiov-b44wc-q5y3w-dssgz-owtow-iae,312149
ja23v-pylnk-jncff-r3bhv-t7kuk-x5dbw-rbs6d-ufyyr-fgl26-ra3mk-xqe,jxoza-mwiyn-gz2kc-qxory-3fyji-uyjzz-723f7-efg7q-mfpdj-xwylt-iqe,312133
6kdtf-2rgpa-6vmpu-unf6k-hbgt7-5smiz-q4dzq-bfp2b-24y4r-ukykp-uqe,ybk5s-jeflj-kedbt-pkv27-noxs4-ka4pr-nufso-rp3co-mfw53-r7uyg-fae,312102
p3vgk-hweiw-tb2vv-c4aw2-mzigk-upftu-27g64-a7x7i-gkmbq-osnzt-pqe,dg7ky-gpxe4-lcn3w-elsmk-zdkli-mcywv-vw23y-ksaws-v3iop-a3xi6-tae,312154
lfclq-hy3ac-v3z4d-dat5o-y6ofc-sgkta-polb5-w6w5n-knz6j-zwipo-uae,psffq-tcdqm-4qrbu-whyak-eznma-kkmvo-qlnei-t65vx-oaxsn-53apk-7qe,312145
5iku6-bg25e-lzpji-eexoa-dxvlg-gl55m-d2p2s-6ym53-mryzl-kwti2-yqe,w5yzl-uejje-476wr-tbcve-obu6v-tljzg-arnsd-2azzl-sqedm-6ob5w-mae,312156
kyw5i-dnwmf-nvvok-zahyo-dimwk-a63vb-vw5ie-ymmlx-l24rh-7nx57-rae,drwi3-tg6ds-gwnwj-37j6e-bkabr-sljtj-p5to5-sjpdd-cum2q-mdbl6-3ae,312155
3rx3o-xbbly-gxih4-azwgd-jedlz-5alek-k2vi3-acsao-idfcu-2zyx4-mae,5igem-4lqkw-bdf46-cwge4-ld7eb-qal33-bxhz4-bbkm5-m5zcq-hiare-jae,312153
l6hyv-67lv3-adulk-isvne-2yzkp-4w6ya-pi3zv-y6m6c-aabmd-f4woa-eae,7r7xf-pdp5s-wcbvm-pb243-vo6wb-jdtu4-fzkp5-3flyg-yzjnr-ouqzg-pae,312150
gehmx-towve-hpcry-jute7-pfexm-4svoo-zx4jt-paisu-d63c6-aps65-6ae,yxj6z-n6war-3ndtm-r57vr-g36ht-irdd7-7kaci-tliyn-tch5t-ihhar-tae,312151
dxvpe-mgnbd-4zpxd-ty7ck-tofmy-smdbu-g7pg3-k4zbx-jxr3s-flttk-3ae,7gizo-kirkx-vw4ry-vuitj-3g6jn-chq7i-wiaaw-4hjqu-hqmsd-nuhln-wqe,311856
dhcph-xrvyh-bz2dj-tu63k-b7mbr-i7zbk-de6m3-h32eg-i63ws-kvtgf-vqe,nw6qj-dfiux-gkldi-3qz6z-andp2-qqy6w-ptb25-rierp-cuiit-nvljp-nqe,311831
dbddm-6y7pv-inxar-7damv-ts5pf-xe52y-epmqw-sjruj-ze5ki-ezi7i-kqe,z7fif-qmi4s-na3kd-kgeum-wyk35-z2v6g-zita3-zbzzz-b554r-cpuy6-dae,311916
b43by-rh4x4-4ejgy-zwtxh-y5t5f-bur23-amjdr-ivaoz-el7xo-2czov-mae,xqczs-x2iq5-ksi6d-vnvgi-zomb5-uj2by-xon2h-23yps-4h4vq-j5tdn-aae,311895
2n42v-awfq6-ruwnh-p4eeq-weuiw-vgl6n-oayxw-7p42o-nw2y4-lupph-5qe,etu7r-kpwx3-nv3lo-n7oaa-zu7hf-nfc6t-nqkqb-4fde6-mzva4-qdlc2-6ae,311880
4ejyx-snbh2-5rqwx-jo2fe-quss7-akslt-2bp67-mcz5a-2bjot-3p5ug-uqe,f6uyk-eaivt-4tovq-syn6o-gb2a7-xvi7n-owpnt-6rulh-5kzst-ms6y5-3qe,311904
wl3xe-4uhtk-cjchv-kgm56-auntt-etzfh-dbeuk-5du3w-imaqa-dgau4-7ae,yavvp-oy7eb-fsnqp-4knn3-6sook-lrmf2-svqgi-34nhs-byyzo-4tnjm-kqe,311911
woxyh-zvgq3-d3xft-phhrd-lbmmj-ljjm2-2hvit-to2qy-sug2p-im3mm-dqe,5whn2-c425p-6ldco-5a4ky-aypex-mebzc-6ec3n-fggr7-eizs5-y5ysk-gqe,311900
ijl5n-q7wd5-sa556-j6kye-laamj-eq4yw-xclgd-zsihj-ifef4-ylw5k-hqe,png6r-serfz-53n44-ve7je-p3j4l-7gbo7-6tnli-wqefg-oj6lr-3md5t-iqe,311840
oiqnw-up2qg-ngja7-yieet-6apvb-kzhug-ydf4u-njdpu-n6rq6-gkhnl-oae,ly46x-436d3-x26va-k2clc-d572v-sqxxb-t7iav-kqven-gigwl-6iyoy-yae,311850
zlzo2-2drzk-afd5l-mine3-trcsk-2fzag-hfwc4-d6ftg-ocf6s-7ctsq-bae,karfu-i25vb-c4mf3-aisgv-6i5nq-bassn-armyn-grs3a-kpe2j-py7c4-oqe,311866
lyqk3-4bo75-5cp6z-4m64y-vxu5p-4ytvh-arv2p-2f7fr-enmbu-aokv2-cqe,ljjsd-tmy6d-dfy5v-w7xdz-6tvzf-iag3a-3fd2d-j5ikd-xpwyl-pdtfp-lae,311845
3y4qq-s7czd-jjddt-hdeig-kxf5t-2m5fs-bkstg-ddk4s-fkdxo-txxos-mae,emy36-luram-bu5vl-6uyhk-pfbin-oprvl-rizue-hnlri-fgqt3-hp4yt-jae,311932
tbco5-rim47-d6ios-zs2pa-3ixex-avkkx-2kmwo-ateia-mcbbx-jo6kl-rqe,jfhhx-wbpwy-um5gr-ntr6w-ol36h-dmtsv-rtouf-fviwo-jfg6o-gjxkk-gae,311915
u5qtp-3s2iz-mihgb-23dmg-gsbk4-wokql-fsbzf-432as-xc5gm-zwl7w-rqe,46kbr-4cp6x-5dued-tjeu2-mody7-jgw6a-5gzpb-uik6u-bwgaw-6ksea-kqe,311983
xak7c-wrdhx-cnmka-ydvyu-kyji3-sboc5-e7ueu-qgaxz-fsey7-elwtf-nae,hmb7k-pgy5y-wis4d-et5hc-uiuia-fexqe-yh2ht-ghkp5-nojc5-hslbf-fqe,311906
3faui-7uwjk-25jjs-nkfao-3ndnm-o2grd-vnogu-cwodu-6lvb7-dxw5u-oae,ejchd-5btjp-4rmjy-vtwfg-icndb-6atrn-5pmoq-g5tsq-d5dpv-2v7gp-sqe,311947
eoogr-gftzh-ajx3z-nqlmk-hb2xi-in6et-dikhd-sgwii-6k5wc-wovnu-iqe,6elsu-buj2d-fq6jn-4yos7-oqmsg-iubjr-ca6lz-g3zre-4emab-7qy76-jae,311925
xlhyl-vved6-ehyml-nean7-u7efe-du2us-tiz36-qqwp3-lvqwg-7f6fv-oae,52gqy-yfual-qt4hx-6qf5m-hvg6w-b53pf-2equx-6asz5-za4xe-4akjx-4qe,311863
bxsny-r265l-lfhqo-xmyhn-nudii-dkqlt-a3sjx-m6ibx-dvafw-kf2tv-4ae,ou6ex-iopnk-fbknw-apbv7-r7j2g-fyv5w-gengc-bix4j-bdkjy-47roi-nqe,311972
pzc5n-v4euy-4yiad-jxfvn-oocy4-rao4u-uy32f-a7fa3-3gejr-lhljs-uqe,jwjph-bljoc-mi5c7-b24jl-i4fd3-mnlj5-tizkz-mw4r5-a3k7d-kfbru-kae,311942
ftagf-xqn6x-hpj2x-qxdcx-lr5nh-vedcg-rg2tc-or2zi-c25nz-yvzra-4ae,jp2of-ca325-isrtl-nzde2-e62uf-dv5fj-5e4p5-hdaug-56l6i-tyis4-bqe,311926
jxwc3-jjw4i-yjcey-dskd3-stzsu-aj7da-25u2e-5mvrb-d3onl-k3i6s-7qe,m36wu-il2h7-7wkov-p3ko4-3tfzh-4bqfi-eg4q2-nb7j2-3dy2p-ygwdb-yae,311949
h6ts2-4nk5z-evfew-aqpxt-wwijn-peups-fxejx-usw4e-vs6lv-2l2pw-dae,ni6qo-chj66-kvq3m-xfwrk-i2ass-tfurp-dn7zb-tsi4s-zcoxf-fovvj-qqe,311870
p3alo-sgfzm-ldi6o-kqc7x-vf6nr-jiq52-pwokt-uzcue-q3khp-ebv6b-zqe,w2r6d-bwwog-j47j4-ugo4t-nzgnt-q7v2v-khn2f-g4yh4-aapib-53gcx-sae,311980
knok7-dmx67-eowt4-y4hv2-jnhtp-xxfvd-g6wnh-7sl47-fju5q-v3chv-yae,cqswq-3cqi3-t6crp-mzbqy-aqcds-mrip2-6a6sd-ujzll-uubih-724ue-uqe,311978
m3442-g2vev-ob65j-jo5wh-oryy7-z47jy-sz6nq-tgxeh-2b2ju-qtyra-bae,l66tw-ip4g2-gw6yr-frilh-kdbgr-ge6bo-oilwj-2lcew-hjz7l-rfg4c-dae,311950
xq3po-43sbm-kk4cj-42ad4-p6b5q-uiaz2-r3vzk-zwozi-jmgzo-edb52-vqe,xptim-dlxhz-zcig4-aop2t-ecf5i-whhn2-36fan-qkjei-yt5kh-2l6lt-5qe,311960
unc2n-mlozo-eeotn-ubjrs-vfgl7-rhybw-hwu43-jhtvv-i6zvs-kbyhc-6qe,5c26x-uoqgu-y3wa6-rftrl-ay476-dkauc-pdjnb-fxbwl-sspgx-35dfh-5ae,311959
fgxlk-pl7ao-zyvhs-ibsem-zrull-e5tsi-xj22b-hwfh5-plseo-rakzc-wqe,asvrx-svv55-yoaka-zhei7-vaw7s-n4vjk-ou6dw-dihhb-qhrp5-p5zg7-dqe,311969
2kq5s-lcigh-xgpw4-x4cvs-ndhcj-jfmpl-745i2-xfzgo-ohtnp-fnk3p-fae,gz4jd-46k5h-kfb5m-vnopt-xre3m-icro6-5y7jz-bknrk-q33g4-ewfrx-xqe,311982
vjcne-ndjdh-53vce-k5gmd-o7fwa-zhobr-g2puk-ecnqn-hib42-we3o2-yqe,2wmby-gko3z-xfjgi-uv57e-fxcgp-ud4i6-7mzx6-ppsqz-fiun2-2i6lw-gqe,311993
47ele-6ibfk-gk24l-ienqi-5gsga-4ay4s-xi6u2-znh66-5f3bn-byhkj-lae,34w5a-t4gwl-d7fez-2yedv-k2cdn-yfxf2-57ihc-teoaa-sa7kd-uldn5-aqe,311979
lltem-hgsva-hetnc-s6n2h-ivr6l-pu7zg-dagt3-mmbry-z5b56-4doux-rae,g6eiz-g272b-cp5ah-ynw2l-3ptkx-3xx3l-hmn72-v24fd-hyy77-gw6bf-5ae,311874
54oow-qzw2o-brd42-vl2qt-h5pjp-cpk3q-hsdmw-2ndi2-uhsri-w24vq-6qe,dlca7-jojpo-irfnq-zqn3d-npkrh-ptuku-7ollj-t5szt-offkx-a2wcl-kqe,311936
ajuaz-ubmsf-qhek3-gn7j3-hj7nr-bpvbg-gqg4d-ngiuy-c22v3-bhii7-nae,whnw4-ockfz-dhzh6-u5z6r-bpctm-f6pmk-yrcmk-v2sfu-pdsdj-x6blm-xqe,311976
yt4r5-nrkoi-l2r7q-kihjb-daija-f6zth-lxvsw-meqti-iaqfp-3bhgd-pqe,aunlt-3xq55-xmrsj-sueor-rfrod-df7by-vv5vf-c6g34-kxym4-rg4bo-vqe,311878
6zmbe-k6p4u-36z5j-dvvme-wf2ff-ij3f5-ucjae-ngnlh-o4jsd-txzoy-2ae,nrqds-sh55y-p4bnz-kaprw-fmvy5-b7npe-3dobx-kxryu-dvyii-34in5-fae,311927
wf6e7-kn34f-ycp2z-wyxte-xxatk-t3227-pn65d-2jwtx-dzp6f-muzom-2qe,24q4o-pdrmq-7q5m7-iy75q-pmik6-ledmo-tufg6-fache-w7t2d-shvdn-nqe,311974
s62kt-vfy5o-24ypa-cr6df-3opqa-fgpdj-elfw3-d4yey-oeips-u3rfz-bqe,bv5e5-d5o5v-doddm-spdwe-7waya-4n34p-fdgme-5ksqk-adjdc-rswvs-pqe,311973
sxe5n-clr2h-epor4-wab3p-tp27q-iprw7-lp5sp-fvrky-cqspx-byign-lqe,nxowe-eazwd-b6hwr-zfvdl-4m5wb-7init-sq42c-ys423-ylvel-jossf-2qe,311961
xpa4w-nsopa-s4bu3-ctxt7-6pm2x-pcllc-mik3q-rilpz-cwo5u-ol6yf-iqe,wha3d-dug52-ngugg-mj36l-3jjk2-jipjm-m7uf3-zcdke-wisk5-3zhsy-hqe,311931
ocuse-p74li-lxgmc-ce3et-wo5pk-i3un2-tebco-grabz-zo2bc-lv774-kae,bqwff-bdumm-fyc44-cyaa5-6ekjg-dwrkv-xftuk-olh3q-k3doo-nukua-2qe,312016
u2rj5-d4xbr-nq25z-l2lur-jahw5-apfgd-dzblq-hmqx7-pxtfm-bcf2c-lae,34ggz-qiikh-2ir66-km2jl-gb4pu-oarrg-lj4we-4cohc-rj5um-4y7mm-zqe,312032
rbpz5-bkelv-27caq-dlsuk-fy4za-mglwl-wd2yu-pjhuc-wc3nd-xc55m-xqe,xutfm-y47pd-egudn-nzvo2-re4rz-gy3n7-d3qfj-wrqmt-lj7nx-q3za2-iqe,312008
jqne3-dm6bd-si3lb-znowr-fx2vb-pfdal-mzvri-2pgaj-wicar-vlqhj-mqe,5qezt-w6csj-zyi6w-m7mbg-olilv-3oflt-gb32e-vtzvd-x6c4d-k7e6x-2ae,311996
tkb6w-ineld-f5pbs-54qoa-z3yfu-gtqe7-h5wxp-373we-pdygs-5fsfn-jae,qu4gu-xpcbh-jialh-qnpte-mpxt5-oi2sr-bwwn2-b7shs-bizqo-ux4nz-eae,312054
gqq4a-msgys-6e5rq-l72sw-zj6fl-u42nc-zl33z-opd4l-sstsr-yi4x2-iae,es7p2-hzypd-gmg72-lhcen-qgekd-j27dy-27z5c-gnbjb-d2g5k-dsbd3-aqe,312004
jq6lf-jmje5-oelzo-xbstr-lvhtf-5ydp7-vrfqv-jo7wt-xztsr-5swyd-pqe,ekjvc-ltnon-5dtct-nrpck-ym3vm-ijxq4-vohdg-2zs3j-ksyvg-y4wd7-yae,312031
gtquu-4opqu-pisv3-psyye-47uuw-at3rw-a5svi-a7mv3-u4opz-tvxre-5ae,jy4k7-7u5az-3bhwu-umco3-epqvf-7otnr-vjfk4-ir5i3-ovpz2-62aah-3ae,311922
4erw2-qozdg-ivwvi-5i34v-smpzz-wjxoz-rbvrq-vcwyy-ci6ov-etfvg-6qe,di2jg-4jtda-abnle-rkfx5-qs2hb-cjukx-goysk-5ma4a-r73i4-zscob-dqe,311876
7etwx-ze3fh-3lgyz-tqto5-kmhkv-ahoj5-zipso-nxbyr-6yzh7-brddz-3qe,x6iqr-mz6it-eszhw-dax5a-c57l5-ygmnp-ip2lh-5vx7n-pimn5-t7rdj-rae,311884
yq62q-etji7-zpecj-eyme2-bnk6e-z6tv4-xw4ho-q7cf6-alb5t-iztww-5qe,yhxv3-56aoi-q3f7r-kslxm-ds2ql-cil54-c4ar3-qiakg-kmc6m-3qpxs-4qe,312021
2wdy7-y7etb-v5dvg-vzomd-5lwnc-l7ktn-vkjvv-crskc-ragcp-jc63q-2qe,dxgtm-zam7n-bl72x-jufmc-hz2rb-3yode-2jomj-vcvm7-3byvu-o3zxz-oqe,312014
gjhbv-obv6m-gz62q-os6dw-4jv5r-wh74m-e4mq5-mxhfe-j4fd5-qmrul-uae,2sr56-kadmk-wfai7-753z7-yo6rd-a4d2f-ghedf-wrkvd-rav3s-2vcfm-wae,311861
ekx4h-jl2rv-26tiy-ebixj-okxod-su5e2-ch2cp-etdmn-pqbsu-vq5fs-jqe,srzzc-e44l4-7bvs3-74x5w-4cmbk-mw7je-k3pkm-wgig7-ioirc-xbx3e-eqe,312105
v2y7s-bsx3p-djrys-a4y3y-zqer5-ax4hh-farnw-t3ry5-hccyh-ele22-nae,tjwck-dobfw-ozs2u-zjata-zgiqg-23g3r-fxnal-nqi3j-4ub2k-btelr-fqe,312042
7fcgm-3udro-kz2ol-rc6um-7bt4e-cfucr-4l65x-wwqto-wfigb-tvkop-iae,772sc-hiy3e-46gvq-gpmek-gtugi-bt57y-ldlm4-7df6j-b2vcz-ts6cq-cqe,311923
ym2e2-em5zr-apenj-bxv5r-yqilc-oph4s-mrpyc-nqof3-bmjq7-u7suh-hqe,5ili7-kuvj7-2xnxu-gv77x-rn5r5-q7owg-t4h3b-lzqdq-6fmgv-lruk6-eae,311883
ew4b7-mr2ct-rdstx-sv2yd-tsamy-tmgwb-gyjef-q2fzb-7y2gh-c7oqr-dae,eonym-xunbp-42gts-c7uku-vcu4a-rwalu-ge6ee-5stng-6gpmj-ze3po-jae,311848
drpij-fct2b-scse4-ngn7t-tusre-dapji-7ioj7-nohud-p7c4j-3prgi-jae,3jfhq-6jfuw-4oard-w2aca-jcm7f-ridxg-v5g23-4m4bj-qtkk7-fcchg-yae,311859
cnoar-cbyi7-ikiku-ucqi5-6hidl-jftr5-kivni-n6stq-f4c7g-p3pt6-qqe,xeo3t-gtu2z-xyzri-ruwq7-khu5x-mu4my-uvhou-ytrtz-icba7-koep6-7ae,312024
fchfn-et432-b7ins-tvhki-cqhl6-pwces-lwegj-jlhtv-gcfeg-eglhk-hae,tozpi-z4twm-3tqa4-7uuyg-nnezm-jr6fo-a6qww-6gbxp-tid7g-b3sqv-4qe,312045
bs3sg-rnhc4-xhbzg-nvsbd-r3z7y-hz3al-qalje-jjpga-d5xj3-5jt3t-tae,toaz6-fbqj5-rfc6f-ghcaa-maj26-6y3iu-6zvym-clhny-svfjv-d2sgh-eqe,312057
i4yb3-fmj4f-rge3a-3ssjq-xwkyg-k5ro3-vh2ca-6wcbv-3engt-ac6lz-bqe,fa5ig-bkalm-nw7nw-k6i37-uowjc-7mcwv-3pcvm-5dm7z-5va6r-v7scb-hqe,311903
kflju-whic2-f4jgt-ogyoi-u3wxz-cw742-jyrec-bzbi5-sk3qd-qadzr-hqe,dn7xj-umxya-4grzj-6u334-wqrns-le7on-ich7r-tcc5b-2xplc-hfpdy-fae,311890
ch3zt-n5srh-2kzmv-peuxj-ftxsy-gd6qe-k7xnr-rpvxe-hvk7d-n2wc2-yae,opifa-mrsdq-em6jt-lhscn-sr4ul-hfrq2-hl74g-j4edk-7uv4g-rmjz2-vqe,312121
d3ou7-5z5t7-o3yw7-4ftnf-yfgxf-jcics-4ah7j-bgu6d-vn6p2-vwj5s-yqe,j77y6-6zdoe-i4hmt-7jjj2-iryjp-x7idl-xtszh-jx7ir-36vxo-ba5ps-dqe,311920
ypsot-reb6l-quuhj-3un4y-lml2o-mjltb-a6hvp-wfobe-rcznc-ep3vb-vqe,ebylz-3lsmv-npbyk-tmu3d-pai2u-pdmdm-h2g2q-7romr-gxopj-tlyem-oqe,311955
fy2vu-52ol5-pgotc-5hc72-sryoq-zclv4-e6d5i-tmh5o-rg5is-y3bah-pae,ewvzz-hztgw-hi4pv-v5ivz-v2adl-iydvn-ixufh-x3fcg-ztoiz-bgmnv-iqe,311995
vqksp-lbqnq-uxvok-4qjnx-zlupy-2ktp4-7d7xa-tzac3-5k5rg-ro65b-4qe,eudcz-7nd46-aosfq-cdkro-4ql5y-vnzde-auaro-ixp2z-ksm65-bedsr-eae,312005
eetx3-b7w7g-bzniy-a4hoy-wfnsy-nggup-k7r5j-xvbrn-gj4wz-ve6oq-rqe,oqgfi-mlira-mdlps-xfit2-dak7y-3mzvc-pevgm-ppo7u-4l2rl-gzhsv-7ae,311852
2rmhb-3ep6i-v55xd-rk6uo-ymo7c-y6kvf-zs577-57rrl-jk6u4-ucjaf-xqe,qzf43-nm73r-pj3mb-zlzvi-pgm4g-viy4l-xs3kb-ahhef-chamk-cfujm-2qe,312072
hdzam-kiaz6-zj2zd-4ft2o-ctwhu-fkspi-3t6wl-73qqh-yogma-4bc4p-rqe,xfy56-mhqex-edx6x-iu5hv-jyymb-nw4rh-koxrk-xykzp-mmiqy-ebi3w-5ae,312062
apwzn-emtpi-ckeqp-un3yy-idugv-5kkmi-fgyhw-ugspj-q7tr5-axvzh-xae,z4oez-x7see-ine2j-eu3r5-uujt4-fjpgq-tcxx3-w7wrh-tutmc-ses4n-4qe,312080
ow33m-prmu3-p7wku-mstwg-s4cza-okbff-xn2xj-szttu-wctoe-vyb7e-mae,swqom-rrzdl-fjwus-vzgg4-mfrvg-cjmvh-budor-bukdi-7vxsk-na6l7-vqe,311987
whxcs-47oci-boldm-u477k-qfolp-nn2a5-5i6kb-z6aot-n24qq-i7nxr-4ae,pzue6-ajzho-mv7mj-g5jbc-mdgch-xofde-2yqel-64m2w-hzefz-t4lbs-3qe,311997
rrjn6-zbsiq-55esy-5kp2y-k447x-v362k-uxzdu-yrram-bubb3-hl2t5-jae,sodsh-pigf4-kveox-gcebp-tjp2h-ayfj4-ksnby-pwz4s-6lcfx-xxhs4-dqe,312044
36l3k-3mysv-e7agh-dpji5-yelhe-bucmv-dk3od-hpvih-24ube-sbcm6-xae,t4men-tqrrb-pesz7-n6ewi-rgjuv-jkzzr-xbbwl-gt324-ixiwd-ibc7v-yqe,312055
j5utm-6vpbf-73jne-pnej4-fnivi-xen4d-ztxw5-roik4-av5pj-mgdmw-pae,v7jfp-ujdg7-kzzxm-3efqz-tgt3k-lpj6i-htnhi-65wht-gaqwe-omzf6-fqe,312058
hfj2m-idyhm-nsifw-ug6xn-7dnc4-h4csu-hvm46-xiw6h-ooxcl-zj45g-rae,6hoqn-a3m6c-xefyn-fkc67-44c27-qqp7p-r4qqk-75dgl-xtie2-27tbg-kqe,312060
oyccs-bhx4t-kjtgz-q5iuj-hcspy-ni4ea-k7d4j-fqzhc-c5y7m-eyoco-hqe,2jkey-5u27u-nzvka-2nb2t-66afy-pojuf-rqm2q-yytde-oki26-rtipj-dqe,311891
72w6w-bpqka-cshzs-nvwg3-jku46-vcd3x-5tp6c-iriqt-tfs26-qrpx4-xqe,u6li7-fqrus-kd7ro-mbzpw-zyjff-4n6ir-isive-76k75-yiqpa-weysp-uqe,312136
rihgb-dicdi-2pr7m-hfggu-psodv-m4uvr-f7erd-jime3-ek2wc-bgjar-7qe,wgkd3-rhxl3-t2wlu-tghri-2gvfn-7zgdh-spp2z-pgnaj-jnivr-vfh7a-pqe,312049
brpx5-fqvpv-e527c-t6mvm-gp42x-x5ekr-y2zeq-h3uwd-obaf6-dc4om-qqe,bzod4-enctx-kgvli-zx3tq-5ykon-h2hth-cgi6t-2n2uu-us5ix-xjtj3-sqe,311948
6tvmz-jworb-cw6dw-flb2d-4ps5c-hj3of-hfc5p-2525n-r3rni-5z6lm-xqe,tdswe-tm3hn-ch7td-iiq5y-2fn3o-bgeld-7564i-dueso-szmmo-tkjsr-4ae,312135
jd33a-wdk53-ueqg5-iwvne-thv6y-hoto5-lbnsv-6ksvt-x3fjs-xt6id-2ae,va6r7-v33hl-qubvq-oeyfl-a2mbp-dz5s5-h4zgm-dnjnc-s5uyw-mofpn-jae,311951
ljqpj-asscd-3haih-n4tcg-x5yoi-sd2wy-ixyhj-foud2-vue2x-vx57y-xqe,ge23e-6luk6-5nu4d-lxzjt-zkfwv-m266l-lnfgw-vbxzs-p5zme-ndrzo-iqe,311945
sfnpv-q7nur-m75dm-6owll-ydf33-6dt4a-i7mv7-5s6rb-3n7ei-ruhvp-eae,q7rgx-hnt54-nsxuv-c2vyr-2pwx6-szmj6-olsoy-hb6af-gf35d-hb2ep-wqe,311930
tirtx-lvfo3-m2r44-dojh3-6boas-dpttz-7j3f2-fyvdt-pqec6-xnueo-pqe,o54u7-ebp4u-pvp5p-a3xd7-zjkrm-pfcni-myjhb-csxyk-m3xvv-figr2-sqe,311889
cwifc-7yalu-dpwj6-kxdeg-yutyv-3uq6a-b27tq-o3hko-jhya2-gshd5-2qe,75o4v-cpyxv-3gh3y-jntla-4uqyw-umekw-veowk-ntku5-43ps2-glz7j-pae,312089
gf537-l7j7v-uvmlz-m6giu-nssvr-m7t7z-p56q3-ue7ma-ndq4d-ubwhr-2qe,jtmar-lftyy-phk3k-pkad2-btn5t-4thsw-v4267-vzwh4-7m4sr-xe3pm-hqe,311964
fehp4-pyvsm-th7uu-soc6y-7mtow-sb7z3-hgfqx-aa2z4-z755r-cd5tz-lae,kklvo-xohf7-vsrxr-4nzmu-p56xj-466lw-k3vo7-qgzx6-jaf32-ykmsd-tqe,312147
vyyos-p2m5a-eipmq-6b24i-sesyl-72hme-2b465-gdmtu-yingj-tscli-7qe,amiur-lqrkr-rq3lt-6x3bk-qkzyc-av3hh-pxfcc-ipxbp-ontgz-fknje-rqe,311901
l6elt-jga3b-gycyc-qhskr-5jype-opol7-emuxb-5p6am-bwnyh-zjwji-7ae,jkadl-cygz4-onddn-cni4t-27a6j-b5dnn-adne3-i4nu4-mlbkp-uyoyh-xqe,312029
k6fws-khhr6-52y62-wgpqd-kbzsa-fs5io-xdnda-naujs-mka2r-qbupz-hqe,fgy25-nl4rb-pbbdh-6sqzz-75ord-3dmts-qm2ou-sn3xt-ukqk7-2rncz-bae,311984
7ifju-qdr6h-nvmd5-iqjqy-iqvit-csbnn-rdlmu-e6khl-74p67-nxojp-xqe,agvlw-z2rnh-xlil3-qbpuo-5ytsj-5qxxv-lgjje-psz4q-dnu53-fqs4n-tqe,312101
myckm-bsgwa-n62g6-p7lia-pcxml-oi524-urywa-tk3av-nux2c-s7dkn-kae,bkt4o-ekbkz-dimte-zlyg4-tc3uh-xkohm-dpfc4-o3yzy-ckyb5-jmbgk-rae,311963
bxoa6-i6aqf-axeaw-jjunn-wwf6g-3p7ym-thcy6-kbdn7-6jnko-xxnrj-bqe,vkzwr-az6vt-qflgy-osi6q-ov5ub-3xz24-s73yw-4pbhw-xldak-lldz3-3qe,311918
7coij-gcitb-ktatz-xaa6s-7xmri-scpd4-2f7kr-wgqkm-7zgnv-pydz2-zqe,iq6ab-fsuad-6lmbp-z6vaq-xwcxt-g7h2r-yjqpn-pvgyq-xki3s-v3bdw-5ae,312001
6y4i4-etcnx-jegrp-cgbsb-bldl3-senjm-7sb3b-wfk7n-eefqp-m3d4f-iqe,sq6xz-bne5b-osqas-tt2xt-dxwf5-yicpw-g5mob-4mobj-cdxh2-sfwuh-eae,312120
wzge5-wqvpa-btlzr-rrcti-yo6vj-psp54-2le7w-b3h7t-qzfsh-a4oud-jae,pwlmd-mqcoa-vt2nm-rntzb-yv3zp-5h6hm-7wytx-vgmwj-pw5vl-lqepv-wae,311992
5zfrs-jsoe2-zhndw-u6dx3-sprys-5l4pb-2l3ig-grgin-g4xli-d742l-2ae,53jw4-ltkob-llbkv-54isa-ycstg-tap72-m4qey-e66zm-4lqsg-uome7-aae,312142
j3rnn-pekqu-4yzjn-hk65h-jvign-66h4j-gzty3-rm3cw-cjoxg-mvxth-3ae,vz23g-qmoqt-njqha-r2qym-u47hs-k3zu6-4je6a-t2glx-72jvw-5rute-2ae,311928
5qmj2-77u55-yc45y-emdvv-wf6at-3ekbf-nz6gy-7skn7-bbzyo-dhcwx-yae,wmdfh-hqpwr-4yzji-riwnh-sbl7w-hhiz4-gef4t-euiyi-m7l5s-ozx2e-sqe,311899
der4v-hbtw3-fis6v-amr3z-g6guw-3irzz-p2sps-fka6o-2syry-vsiap-eqe,btocb-h53xn-k2jqx-swtfp-ohtt3-7rj7j-zl5my-q2jzi-3mbcj-s7bd2-6ae,311998
j2nd6-56azi-5tgez-awb73-vtxn3-yx5dq-diocp-63cin-zxsnr-nfqeq-3ae,2i7ke-tuts2-b2ppp-35rgu-pssjh-uuf42-mvul4-qjzwu-ocngj-5co4j-lqe,311994
mlacd-argkn-4wcvp-yfe3x-3ymgc-hgjhb-k2ybh-cuzsg-55taw-xnbw2-cae,ne7kl-gpbub-bzqox-jepql-fiffs-lltfm-as5vy-3zfnj-m63nc-xlmzm-yqe,312018
iwhwx-g3gyw-xlyyw-drxvl-lux55-yjbwe-43y5u-5i53r-5bgaw-s5sn3-zqe,kdxwc-3yegu-qvkbb-wlyuc-neh3m-lhmvz-jmsew-rjwag-7n6ys-oq7tr-qqe,311965
vn2et-whvtm-2m2it-ooqfy-c4fog-hisfp-fdydi-rz2ji-m4mo7-gi2jb-2qe,ssfbl-kuuos-bqeeb-r6qb3-w5xtx-t56uk-7azn7-zfa5r-4d6ou-sjfbe-2qe,312037
bd4kd-xyx6h-vxwvu-fhfy6-ua2ja-coy6t-qx5ti-orppr-robi2-vaohx-vae,p2xnn-ag4gs-kvd6c-tfh2w-lpbae-zmrjn-icfrz-rtmrp-iyl5x-gfnv4-oae,311864
lgwcg-zd43o-ert2a-g5bm2-miu6k-qo7hr-pao63-zjdv4-hmefr-fcaor-sqe,ypb2w-4cbty-sz6sf-szwb6-qg3cw-7vl73-dgqop-javrr-mr4cn-zh5zg-rae,312119
q3jof-n46vo-c4nit-ebsbx-r6pqc-vd2qa-rwdio-3rdhb-ohl75-fb7am-oae,eamdx-lkl6c-3at2c-p362l-e7lyv-tivkp-rjvk7-av4le-sfrxs-iim67-kae,312039
zsbys-5jyht-gpqcy-4w5vk-gd4ol-t435s-s7e2k-5zrcy-76c4w-756og-dqe,e6tfr-7qtgu-6feit-phcg7-cqbar-i3tz2-oahoc-tcd6a-255t7-gkrug-6qe,311914
g7hio-3xibs-ijbfm-cvpqk-b6zlx-45st6-2iewl-prej4-qagb2-tal52-jae,6vm7f-ye3xd-hdwsh-pkkmy-f5rxu-cvjsh-dbbfc-f5ie2-3armq-uhwyn-7ae,311981
hie6d-xtbbw-nkgzj-celvz-sy3j5-rd26l-a7af4-yfgy6-6cu75-2sjy7-yae,dqgr5-2usft-q3mgf-slb5j-iqjma-lzmez-x5fnz-yjccd-3jzqy-temfl-uqe,312068
zo4gw-zgf6y-esw6v-6hjys-opayj-qj7tc-xsbvy-uogci-l3ccw-opti4-4ae,dp5by-ee36u-wuxq6-3ipuh-ms3yo-4cqnm-36qtg-r6bri-ilpjc-dozy7-fqe,311929
dkio5-fu6m7-zj2uf-4hlit-z3w2e-3xxed-n6vtu-ny5nd-i7a5r-6z7sm-xqe,i7tcz-q2u2g-piigm-odgru-6zvlh-7m7to-rgelh-k25fu-uidau-vfujf-bqe,311953
sfpka-z5m3e-mfvtq-h7rc6-5abcd-h76i5-ypdnc-jbgx2-whn5w-tqgq4-yqe,ipekq-62c6i-4wkg2-ssulz-5s5gn-q5ktp-xacyp-a7krv-uaj3z-2ta3k-sae,312052
bkwt5-2umdf-7mpz2-xcxjq-fwv4a-tpefa-2idrg-rlmhg-btk6n-wgztt-uqe,5sdej-ki4zk-yl364-l2shf-xuzxg-ro5za-ecesu-mbeup-x5d4t-btkff-mae,312126
utirj-mp6xd-4nzso-xvgxw-rwkis-2hdjc-mp4ks-rvfek-3isi7-zcvqx-pqe,o4hqd-vatuf-kymjw-xteks-vr3dg-pevux-jb7tx-xapms-hzmdt-bzd7t-kqe,312056
5zzvu-ls7cd-plqnj-cn54t-qfry3-j2dzh-k4mn2-eyp22-kk5s2-5wurq-mqe,wpvv4-txb6q-r6lyj-2agf2-lv234-22wsz-t2h6a-k4pfi-hm6d4-dibcm-zqe,312051
pjbje-lp3tm-b3q22-aq7ak-p5egz-u5wek-gd2eq-cmbcs-womik-phfqp-sae,goeb5-yaqhv-que5m-2zv6r-pfcsj-wtvwd-zdajr-5vfkv-oh636-a5dnn-yqe,312009
kg3a2-ujryi-ybvjy-xbjzu-c3kl3-az2fw-pmfa6-mzyt7-nqikw-jo4rb-bae,au4og-xtsj4-tutzc-l6ztp-7223s-fybsn-vv6e5-zb7tz-lugvi-da6j6-yae,311912
g6mhv-7h6ss-ebl6h-mi5ax-7iin5-gwx2c-hoxbw-lw3ov-zdmfx-6pz6u-nqe,grg63-emmy2-utikq-mxgjt-tynih-j2xj2-22ga7-envuh-attag-5itaa-rae,311939
tu4ry-n33yz-uradc-fgpqv-z4qvy-vjj7q-54pb6-vycx3-3kjfa-hioia-dqe,nj6iz-aij5l-55lb7-2a5ma-tx5p7-dzvyx-lt6cw-4l3cd-lorwg-ulog3-vae,312099
qdfcn-pkl2a-ysrwh-nfrsr-4fxil-mrf33-7tgvb-iv3aj-4acxw-oh53j-eae,echde-g2ngn-dexfd-64v6l-mwilz-4hwd2-oc3zr-s3pjs-fvkvh-2fmbu-sqe,311881
kwsmo-bbr3a-bxspg-aiawf-wgygd-zxrrx-oqfht-bdu2q-csapl-hgs22-fae,l7gpo-rqcuq-r4jhw-piiu4-mdvwb-47zpo-kylzh-2thej-q7yka-gnox4-cae,312048
pgv3r-pg4xd-vmilh-ph5g6-br3bz-wh5jc-hcwit-d7ctk-g7wfi-xrq33-dqe,ap2h3-mdvaz-br5tt-s5tst-nap6q-t6kuv-vlwla-a3xvj-f4a4w-4lonn-sqe,312084
kihbn-65edy-rndhg-aeij6-okbhi-5psp6-3zazm-ldfxa-aich7-wisre-dae,pkzzf-44rfm-oop3h-crhti-dppqz-hlloy-4gvwd-tnup6-ukvbg-r2nf4-2ae,311952
5fpfy-46qqf-77wuy-lx7ou-5fatd-2m5a6-t7hna-d7pjr-4y544-zd4xu-oqe,skpw4-ktuml-rwzxm-znbtv-djyqo-g4ldl-fnore-t6qij-3bp7q-i3dfg-dae,312081
3vndb-6feml-7dc7n-wdmcj-5xphl-rv6jw-47fci-pdlc5-3g5bu-77qyj-4qe,ohwhr-lytls-xfhln-zd3wd-ze3t5-civub-s77zo-nhbcu-wdmuc-npq3v-eae,312015
txe6j-f35h2-b65ge-3rdnv-mxqle-qpixw-qidbv-lmdlj-omjqx-vmyxn-uqe,66kip-7wgf2-35ccu-udy6f-y633s-ncbv2-mi33m-qd752-jht4h-yq556-yqe,311873
ikiwv-qgrvi-t7cme-xyrbe-pb7dp-5qqen-lxbw7-w25ru-5qgkf-vzsuf-5ae,cqvni-epdl4-owi2j-k4bua-thoba-hl5p6-f7prf-gm34c-zcfxi-fci2z-4ae,311868
icb2x-6msu5-f623s-blz3v-6vxjb-y7r42-wpdc7-loajf-p6dyn-vci72-dae,z6hid-v3ytd-g33iq-tusf5-ebgi3-pit7d-yeq3f-ag5eg-kiklw-7hfes-pqe,311986
q4und-u2mi6-ksqye-bayb4-mms67-prvfy-bnkkd-4c3rr-zop6b-dltpj-bqe,cjhan-mri2z-2nzpz-owdk4-q6orx-3ti2x-oin2s-j2kfc-xbt4f-tpthk-wqe,312095
jtzrl-ple63-os6yp-zuizn-svbv7-qgdxj-l7xff-djeal-525gg-j3vuu-vqe,gr3gy-vcwos-qlenz-ydkm4-7oony-3s4um-y5nn7-egbmt-n5pmt-cy2ms-vqe,312066
nwwan-l2rne-igyuz-cqvwn-v55ka-ba6di-avorh-laglr-qblmy-f3s7o-wae,imjbg-3c2il-v255e-nydu3-wnict-zizyd-wr5fk-avg6o-vm32g-6qn3h-sae,311849
zrvgj-ymyvy-55fil-qmbhc-viv2r-73ore-veamf-7bpkc-f5pwp-pwbfy-bqe,56oil-buajp-pwy6g-gbenk-aujck-cat4g-crpqh-izhud-2ihdm-4lr5h-uqe,311847
wwmme-qv3du-idjqe-fc4bb-kpc3b-lrkmh-pgtna-xd22n-o53hf-yczgx-3qe,s55l5-bxnm5-t2riq-lpvlt-pvasd-46uji-nvnhm-ow34l-w5vz5-ua2vf-bqe,311957
7ax6l-ewj7a-kmvlz-rv2pb-rbeho-kbwqj-v42oz-vrxal-imeu6-b2vd6-fqe,jea6j-wtvp5-dlgxk-c4lbd-26k4y-hmxhd-kswie-va2sx-dy7gc-wxppg-jqe,311989
mhcug-5yd4h-o5ly7-fv2vk-kpgkk-f57s7-7yqbf-h3ehv-nbiop-s2qea-oae,am5go-mrcln-qcv3y-zhahb-tvfzm-o3vza-wap53-cprww-6dw33-m2elw-rae,312012
ambxb-7ntcr-km62v-tebw5-66jlz-qgmhl-k5m7n-s5h32-mkptu-jl2yg-gqe,lcqss-45l7o-wxy6o-fogrg-osl2c-7rwvw-kxtzi-d2gts-abssj-vhpov-wqe,311892
ngcwi-k5tl4-hcwrz-iwx5x-47h3f-wp4co-ty2ex-vojqo-ypf6d-gjgvh-sae,ug42e-3kvuv-7566m-56m65-a54xo-3z6to-rthh6-u74sf-52hpr-3gdnq-nae,311908
on6y3-mwqat-npwar-i6xty-axhqf-3xfl7-zzt56-kkyyn-af4qw-2cd4k-wqe,cjgey-mlac6-k7vz7-k4t5q-werog-nc3mp-u66md-2sce7-meozr-wtzor-vae,312019
2pans-5r6vl-axrwy-olhle-2uzh3-4ntsp-ieupu-b2mwm-ubqgh-7jorn-cqe,2v6tk-q4jmp-qe4pa-t3rgx-3pqqg-c3jng-oah2b-p7ujb-lwuju-ze5p2-uae,312010
yg5tu-mvapm-4ehvh-o6562-tabmo-5wzic-vtjar-d2vu7-4fhxs-qmrir-rae,bjd5q-p35jl-4rwes-hz4zz-4wxji-xegma-7xlld-luxo2-5gqst-vbd2p-zqe,312025
zijd3-q3kz2-rhz4c-tvrzc-7tika-ephp5-lick5-ovcg2-xk3qh-muesg-xae,32sm7-cpcbr-oq6iw-ggowr-izaxa-dnt2k-mxlyy-4aljt-pul2y-mov2a-qae,312040
ncdtu-jwabp-kw5ut-zse3j-qo7op-owwrj-otdl7-gfyx7-rcxji-qrp6i-gqe,phaij-al65t-jcni5-kmh6q-h5dk4-4pjrf-nvwgw-chkj3-2hjel-qkmsm-pqe,312006
hvqzc-ncfio-arvfl-ynt4r-tvbvi-4nh5m-ea5e5-ob6ok-kqjif-ed2ld-3ae,rxjaw-cehrs-z3v3e-sdwbq-wpyeh-idlzc-uzx2m-zjwif-mtfkr-x56jl-xqe,311907
okdmw-w4n4t-wmscg-b3mi3-g2ss2-kkbpe-xffua-dggmr-6exfh-ucxen-lqe,f7s7r-cwv3z-nnglp-6a5f3-57giq-4vnm7-7xykd-3i32b-rvgtd-3gqg7-kae,312053
wu6ye-appz7-fobum-3dwy4-ara6e-7rgsz-oho6k-nsrqe-nddp5-kwvp4-wae,q2s6w-descs-6cur2-ryoxs-5kjfy-73m7v-jy3mg-p25gu-lejci-ndz2a-qae,311875
jnlvu-3k727-76kig-iahvg-4ht27-dp7jl-lnlzw-pdogn-6rmxd-eece4-aae,lfzp3-lrm2w-iwzay-4gfi2-s4l4l-jbbbu-747hs-vqzyi-jqfok-i3qfy-aae,312028
bpc26-2pfl7-gv3hj-2iuu5-64dyq-yepbn-u3d2v-z7u7p-yhk7g-suvcd-5ae,5szjj-fp725-7lxgg-c72mb-5i6z2-wf7uu-itmmq-vfmok-lpqzp-ou2ji-yae,312085
ykigr-vftje-32322-qnkjc-xmp74-6j5gj-nmscq-7qcro-2zdrz-jgm5t-wae,vmhwr-6hrs7-x6g6n-cje77-4gtg5-nica2-ntq2s-akuz3-zg2od-arplv-gqe,311893
pchpt-ac7h7-kk3rk-blje3-o7sdf-c4nfg-354nh-c5j6b-f7zzp-c2blt-oqe,wlwmf-dmtkq-frsbu-lf5bs-a4nrn-v2eji-ai4zg-jn5qy-crmay-277s4-gqe,311977
mejfq-oe6y5-e6t37-dguli-puhh6-a7b7a-ng4dh-s22l2-jiur6-yqrhd-4ae,z52a2-uv7ch-zqxqf-evrwg-mgafe-hl43y-ld44u-rfcgz-scmye-a23h2-dae,311940
yc3gd-gyvhd-2jnj6-keokd-urvp2-vejne-am3q7-hiszg-lpsbk-q3gc2-pae,zyqao-ifonv-mbhee-zp6x5-43pqb-k5ytd-um7nm-6ewav-2mymy-6n2sd-zqe,312070
kivmw-ozfye-42tfx-gxpmn-zlmoh-ygmxw-76i3q-ybruh-kifip-x5vys-jae,3lp7t-zbqld-iv5pe-xi4ru-nxm27-zm262-aijzj-a2ucy-xazh2-rbekt-lae,311966
g2ha5-z4zsp-g2tmm-dvedx-wcozy-ii4lr-uxut4-k4kxn-4flrz-iwulz-7qe,frxgt-i3xx2-vtipa-2vpro-xyidd-fzwzp-6e3hm-fleh4-lw6nc-pjshh-3ae,312033
jkmy5-hvkm5-h2h5n-zpvdl-sofol-3bk3a-vkwo3-c34cn-xh2em-p4wnx-fae,7fz7v-sfmra-v7uvr-qxgqs-imiph-popxb-fv2wt-lpurp-wvgq6-36klm-lqe,312074
gh3cd-ehzo2-2c72b-hkfvn-45zl2-7sy3l-pycuy-cbhmx-ild62-gtrzs-mqe,qrzw4-6ivtt-mgiwo-xcodx-zxzdy-z44de-3n35t-zg2qp-skoqy-qzdxr-oqe,311956
uqzvf-4wf6d-ksglg-f3igs-ugv4o-xsel2-glk5q-q7uar-4e6if-5bwuh-xae,btvzv-y5xlz-wsufn-nfirx-qbimm-hqqyy-llpct-3c5gd-3xgqy-ppm4u-bqe,311958
5vuxg-v5u5k-uvy4b-fym5k-qnzeg-wqvwu-t4owt-njaj5-jprmp-xsg7r-gae,fa2c4-ukl7x-nxycw-csljk-7djii-dimfi-e5atw-bdc3e-bttks-jdrbb-mqe,312036
tt3gr-qwktz-4h2rm-3royx-dfb6q-fjrhy-fak3s-ln6at-z4xit-6j7m7-iae,jdkgr-yz62r-y7zue-22fsx-dyhby-7nkxd-auejk-35v4q-tdsp5-nqbuv-yqe,311919
zbll4-cbzku-tehk2-nwu4d-e37hp-2qiti-oghk3-6iyvi-dtdws-snm6g-uqe,nhobl-ln6lr-e7utz-pudfx-j3lc4-efty5-c5qwr-viym2-6oqhk-f4guq-fae,312017
q2bch-vdbbw-77p5f-cdk6d-plovf-xtrt7-6fr7h-zu7p3-yqbb6-fnugc-5qe,cxfvh-au2eu-l5cyn-fjeqy-666bs-cvhby-wpce5-xew5s-wwlgd-qqbni-aqe,312026
u5zje-xplfn-gvobg-ssmxu-ak2l4-hc44l-olmza-263dd-ujyhm-qpqra-tae,7wir2-wrcrm-7ijmu-bywb5-4qbme-ne4ru-tuml6-qz7yo-k7jth-wlz3f-dqe,312063
yxfvi-l433x-x52ps-56mwm-mx32v-vu6zf-6uryk-o56qk-lp65d-hupw3-yae,7j5ey-35pxz-kyovz-kzlof-dh466-piqe2-5gmbl-xjuw5-35dlp-4x6yy-aqe,311921
dorqu-itgmh-ep7yk-4khja-wc2nb-ljwmh-ksdh5-6malv-zkhaw-dsbph-iqe,a63nq-nexuj-6uzk7-plg3i-krvmo-b7hgx-dlzv5-3abv4-k272u-pdmd2-5ae,311896
vh5ii-2w2un-oxdzm-xus5c-l7pma-rw4qk-cnh6f-ddknb-fpcrm-pkhmv-tae,r3osx-dqllh-joos4-qz5ub-bovio-ct5ih-paakb-dtc6k-4d2cx-daium-uae,312023
32qxs-ef5h3-x7erw-h2yd2-3b5ke-76b2p-mbp6g-di362-hxfjd-fst6p-sqe,s6w56-uwcz2-kdb7z-sqfnh-vqy4p-czqrk-utiww-uoech-2xypv-wr6ql-tqe,312092
urvq4-v4yvt-iyi34-yswyb-jojg6-k2usy-qgce7-fjz3y-alpfg-3ektu-uqe,u3gwd-idort-xetku-ok5eg-ppd36-2faad-xrms7-huegc-zvtr5-wr6tz-pae,312114
rcx33-jkunl-ihxbi-7lnxo-nvwzp-67kbe-kt3vn-q4szm-haki7-o5he3-vae,3ejlh-q4ifa-56qsv-pqexg-ygiqc-a5ik2-zwz5y-5vlnp-brzmp-m3vha-mae,311990
joovw-7iyxo-ytfan-sf66q-usjmn-u3jkr-thoym-pdwah-t3myu-6qv4s-2qe,2fksc-2ehsk-ctzqd-ze2kg-zqt3n-gzpwm-tkfoy-fligp-sgbfv-mxodo-zae,312069
b5oyo-l4lj5-u7u43-d332l-sbzyn-u3z62-r32ch-oifb7-mmcej-eaw3y-eqe,hh356-4hzbc-3zx67-qdwhp-2kuei-snsh3-j5wuq-wmjjn-bjw4m-jtew2-5ae,311975
ckehg-3zcfl-o3jhz-3eeai-7rqyi-sxlhk-rgflm-atzh3-fxgyw-rfigm-7qe,lq5bz-z4uyh-mlveq-x4yfu-npatg-ghg2b-wfkvy-x7cqu-eyocc-37x2h-oqe,312065
h2hra-pyrsl-te5ib-d4edj-jf3r6-6lz3e-djz77-hqiks-kwbnk-gob3f-nae,eso7l-5xu7e-poqoh-7fz5r-cjk22-yrv2h-hpf2m-uuu76-rz4qy-wpajp-cae,312138
fc2yu-zemau-25b3c-bk7tt-a7ter-km4kd-qpdre-5wck4-bhxk3-idjvi-uqe,qp36s-7f4rs-lglta-qefgn-rzg7f-d6idk-qvtjc-ed2g4-xexgj-qgvym-oae,311897
vxbs7-gtvwi-tuq7y-kb4sb-hsyid-wqdml-dn5hv-rzdlx-3kex5-4hvka-lae,vfiao-7gppu-fm63u-dltyr-wamvq-hbg4m-lfft3-imotc-txglb-l5bcm-dae,312050
rek32-u5tbl-naqzc-vurvd-6nc2x-2s5rl-szpjl-acjk7-2qwqv-5ljjd-7ae,asfyp-o444h-zqrim-nzqpn-4xp27-ucgq7-sbdkl-qcjyv-k3z5w-o5oyk-wqe,311943
f7vjt-yamvb-qtxi5-zak34-5rnap-ru3xk-6hsqr-n3hkz-bqoja-a6qvg-iae,cb5k6-akq5o-dkqvw-u7uce-d32i4-rhpps-3o4gz-ppxzn-kyjlu-uhedq-4qe,312100
fkprf-neprr-yl4cw-gyyps-pz2mz-x5knr-vhz2g-vtuz3-bxqe7-go5q4-fqe,pv4za-ji7sf-dvx7o-rxis3-tb4x3-dydf6-zp5kp-rb5qy-qitek-dj7b7-pqe,311970
2zufc-hpjna-colq2-jqo7e-rhed7-cagq3-wjzy6-vyish-arnzm-gx3ly-nae,fnejh-oo75m-dy325-jcfpi-lecoc-oiyuc-gt7ch-l6aal-uglmf-7b3yb-bae,312073
kkovv-7vke2-ezkjl-yjb4j-eh6i6-jligp-7w25d-f6uo6-f2czr-7qakn-zqe,ti5mo-z6vhf-rcih7-re2tm-2w5yb-ht7xr-xk6hk-pjzzq-4zx5e-in75a-5ae,311967
yqicp-awmml-i7g4h-lgpzs-css2e-gk3ta-j6whz-gpfev-ptdfv-o7u25-2ae,bzu32-3zzgl-4whis-e3q5x-k4h6r-xzymk-wkgqi-r5e6o-gqdfl-ewifs-aqe,312027
lnarn-qyk4q-fo4m6-554z7-3cxwh-h2xfe-7dlxb-4yxy4-tdaga-pdtbv-eqe,kombx-ybfqv-mhesk-43h2j-whgnv-epmpk-uuar5-fubpj-s3425-sb7ni-vae,312041
y2t7j-r56cr-vfxro-fqs7g-e4voo-zm4qp-dt7k3-sbp2z-56h7g-a643c-6qe,bhkbl-dt7fk-tljut-y6tur-6b6kj-lfx2t-34e7a-35uq3-vo24b-ghfwj-3ae,312011
u2eaj-ir6gg-eotga-ml4cl-7jmx3-ld63t-5jujk-dcwyu-3ylpm-h254c-2ae,hg6wh-5vpn7-2vmkz-pnqxo-ijiej-xxbk3-ailca-zqf7b-z4ptu-rqlsm-wqe,312128
ooifx-5sjlo-xafkd-bzync-vrzv6-oxbgw-pzhei-dnhnn-iw6dp-ltb6b-aqe,cd26d-mnjwn-55vn2-qnt7r-qzal6-eo6ii-cdg6t-5uepc-fkyik-g56ap-7qe,312013
4l5m3-tvnoq-ad6xv-tiqqj-kji4o-rnl6b-375cr-p5ofe-t7vkr-tmvbc-sqe,szqd6-4nvzh-uaqs2-v7rzm-hwu3m-hf4cg-5ssrt-qznyf-dwpbg-7tcoe-pae,312086
2v3wa-c64s5-j6gep-3l2ve-qcbq7-5attv-2snvq-hcead-zngw3-ipwqg-eqe,o7db6-d4oys-fuvtz-uoevz-x3h7u-uonmu-bhcuu-7gg2t-wh2ul-klh3w-eae,312064
igksx-2wudd-c3jhu-apudp-usbkj-jnmue-klmwa-piqso-c27r2-duxau-hqe,yjus3-hcupn-nmaok-3gsl5-sb2pw-tikbm-uhqmb-xilx4-44ldv-e4cg6-4ae,311962
r6rxt-m6gis-2sq52-xusaj-wiine-cwbyp-3avhg-oemvb-vhc5r-od3lx-nae,i7usb-kqzto-aqxss-6rw6i-ul3t7-hk45i-r3xcb-jgbqc-li7yz-uett4-yqe,311858
flasq-cgqto-p6lbj-nrycb-jy562-ma5sq-lj47w-i2dss-v3pck-lwd6r-jae,cr4nu-z7lng-7juev-d63ga-uhe3k-dmhl2-t2wdu-7f37k-k56ag-tukrg-pae,312091
an23a-b4gvm-h4rbb-js73x-ywsye-nv5cs-7dkga-kuldm-pp3sk-c7x2r-iqe,k2nbp-x5umc-rxt7y-3mkcc-aqsqt-dfpve-cx4ra-7sx7p-laa25-bltof-rae,311988
zfrxh-bazck-zvgw6-yxd75-zxsgo-ozca2-fei64-tx5ds-grxzi-wmahu-oqe,kxegj-ch6jp-46fed-oamn7-3t2xz-kquy4-qqicu-hprmr-yo7zi-j6adw-7ae,311991
6zqsb-isrgh-ba7tl-or3fb-hdosf-a4pwe-5hzck-7nxyu-bdmhp-e3dgn-5qe,riuqu-njhgt-pdp7n-puqap-33buc-f4eyu-apne7-avdno-i3grz-3k2u5-jae,311853
z2ptv-7qfdi-jp5z7-coo6j-kpgp3-64l6t-izv6x-xkpp4-etywy-66ztu-4qe,hu6u3-yfgrl-bgvub-kahqo-hg2nq-ju7qr-o5bhn-wmaw2-sgkrs-52qt4-nae,312078
4lktc-3utzf-gppzr-cqlkf-lmfpb-uz7rd-4zrfd-eii3x-55qis-7ivg5-sae,5ankk-ns5ag-6qqbq-z4vac-vasm5-a35tk-dhufh-coa5k-zmsbi-hghy7-mqe,312002
t73kn-cxdmb-kjmwt-odj2t-lw2sz-nzs6q-5ehto-43jx3-hr3mp-bnvs5-3ae,iqabf-3cmn3-tguah-ck5mc-wphvu-w424y-x6l4o-xwajc-fuust-jykie-2qe,312043
a2yyq-vvc2y-5sown-yflos-orwus-3l7ot-sjcb7-qvwn7-ez3kd-hvazo-vae,g7jof-lrx3r-qmrvk-gruwz-ero2f-q2uz2-nlqte-jumcj-3os6l-at25r-2qe,312075
xaomn-vhygo-dr3eb-skai5-pnac3-ih4eo-o4id6-epnpd-lglru-t4mzo-vae,zvahu-nf2zh-rqszo-mwqxb-rly67-dsmdf-xau5z-6khv7-5ch5e-a2tlw-nqe,312096
kmrkh-ejxsf-nu6pt-h3dmc-emwvb-w5v7e-bscnu-rn55n-i45hy-de6o2-xae,6p3ok-trizv-xojdq-m36dt-7gxcs-stbnx-76yrt-5p3o6-vhxiv-ms7dd-nae,312076
s2taj-gzfft-y23c2-yq5og-mtlgh-gjojj-df3zc-j4wug-u5a5v-lzn2m-zqe,5sxmq-7ay63-tkziu-5tylx-2tvb6-5tyxj-dvnis-iilno-3tyne-fqsyr-yae,311872
k4pev-rsasl-5blrb-oidqc-kdb6o-dunhw-wfxbv-ym472-gj7gr-rbxdr-5ae,4sj3t-tzgvg-mkfgw-vwo6j-7g4zn-5z6yd-7nryv-5yazg-agz46-paakz-xqe,312067
ne463-vgpyj-kqual-ho4kk-lpo6n-qfy4f-lqvzr-43hjr-hrhlz-v3aq7-wqe,e2hqa-jf5nh-otieq-6fwgp-nkbqv-2mwtb-vi7t2-ip2qc-z5v4a-7joxh-oqe,311924
44qqv-5upnb-k5bas-wjioe-5kdh2-tis7p-iqprz-v63va-z3uwy-htktg-aae,p3aps-jg7md-6znzf-aaeth-zrcge-ahhrf-z27qd-2c2el-yadgt-l4kvf-yae,312111
h7pz7-6blun-z2axn-braqc-yznw6-dh3av-i7fsj-pe3ak-4rc6k-stazw-zae,nrems-djej2-cclcm-oik6s-laevf-tty3y-yias4-ywtys-qqryc-hk2d3-kqe,312020
z76c7-cp6wy-bdpw2-f233y-354lr-zizo4-iosu6-lonct-wuchd-rmydf-uqe,vxcsi-ey7iy-72qam-a3nsj-g4gwf-leg4s-hadrj-7eoqv-ayijy-6ogtj-hqe,312116
quhdq-khimy-g3dai-dhykt-qlsms-eimja-axjsl-dozhh-7ofsc-h62a6-iae,7fyt2-mxzur-yfh5g-rkrqc-6dehd-3s6ik-asuti-4arlw-5fiw6-3albw-dqe,312082
gtntf-my6wz-wcg47-kngxl-ebvi2-5gyim-yb6b7-7k6d7-erkj7-4lufq-pqe,gh4ed-gmhfd-w4gwt-vkm52-xagdg-d4i4h-ezulu-f5p7j-kdtym-puvxe-jae,312071
dxnvt-lkzsi-uv2rm-lobud-l6z3t-2j74t-5h3ip-rzqbt-fttzp-m3xeu-yqe,s6bzd-46mcd-mlbx5-cq2jv-m2mhx-nhj6y-erh6g-y73vq-fnfe6-zax3q-mqe,311894
zo57o-johhf-sqxn6-x2mz4-2navm-szzf2-5b2kp-ben7d-if6xt-tdpfz-xqe,eb6qp-mq3dd-elftt-aucee-nkck6-2c5v6-ybldx-ssx5t-bwl3k-4x4zm-2qe,311917
coi3g-dfhkr-23ugw-7xfth-2kn2z-hqmx6-6q6rk-b757v-77wdt-rwsrr-pqe,fmmyy-mri7o-hj4dy-pooqq-lil4e-6ctrz-b4jqh-2ehgn-q6dqi-b4jgf-vqe,311935
cjsq6-4d5j6-66n7k-3cvgu-mdm7f-rv32n-kh5o7-wazn3-ej2yc-bw73k-2ae,2xq5g-yoqie-hchru-xi3c5-sfgce-vv7dt-jd2az-3wdza-g7guk-2ti7f-cae,312000
kr4dc-c6jre-xtfpv-rrdpf-lz4nt-ezpn5-edkcu-jukhh-iqmhe-x4hf4-uqe,kosfi-aczym-6aymt-ceq3l-3lzwv-qjjwc-64pv4-f2lid-2l6bv-psbcq-6qe,311902
4jbge-zupoh-iv24a-acreg-fqycd-fkg2c-dmrup-xehl3-myux4-tqs3h-kae,34ffo-sqk3k-67x4o-mcelb-zwboi-uxbgy-loqy6-i3pej-zvfy3-o4nhp-uae,312077
inldw-hr4rc-djekj-6ypys-ei6d7-ypdv6-nzaik-inyzb-wdufv-zaawi-eae,qm3i3-qaxuv-qemf6-4et6w-mcaz3-6srpk-feu5h-kvn4y-iai4h-lm3i3-yqe,312083
i6pow-mb47x-2e2eq-fcmxc-77c5a-cotlv-jweqv-7rjmw-4x2km-je774-aqe,qs2ci-sywoa-m3iwz-iveaq-dyjtu-he4an-k34ni-ysaqu-qcqqv-q62qr-bae,312098
3bchj-wyjkq-2fftg-5vrqi-dsmxo-ejund-mgfus-q6t43-jhrwe-73dtp-bqe,bi25q-6ey4t-lshyu-dhs2z-6pbas-tg6x4-zml4w-eikof-qk6oo-rtw3s-vae,311971
n4poz-4fwtj-5bmh7-4kqd7-urvjs-psxch-qlm4w-lf5of-7zcnw-bxlco-lqe,epp73-j76vp-p7a7t-wj53l-4zi4w-pedsj-heyob-e4bmx-gaoxz-zfd46-kqe,311985
a7uzv-mg6ti-anznm-kljma-nisaf-ytnbs-sxuzq-6dgxd-zo2eq-zlsyq-oqe,v3qlw-ogyyn-z62np-i2zbz-2rlx7-vvgeq-hidba-v3bjo-zbsxl-cfph2-nqe,311898
s5sye-quhvv-kmpgm-tbzcd-g7d6u-rw3pr-gz7vm-ny5a6-257l3-dvyv4-uqe,faegv-6aqhz-da23y-wlvcg-fsiff-yyi3t-dwipk-i2fms-xgool-7jkwq-oqe,311999
bsmfa-wonz2-o6ytb-mvxlu-4b5sd-lghv4-yzhxt-zyrpl-jjwrs-kpwvp-dqe,ykzna-mmgyg-nrxj2-agrz3-xzkeg-bhgof-bj3qf-kwava-o4jdf-atf6m-qqe,311937
x5vun-e4qhb-3okwt-56gv3-56isl-x3vsq-y6uzl-w2szk-qdjzm-62ju6-iae,uisnl-p25np-q7bwv-igpzx-aixlt-rqmov-3up5k-rmi55-mlxyq-43vpq-bae,311933
6xspv-o55sd-e5qxy-xvlka-oimww-ktzut-mi3lr-bafo5-2247p-zvjpm-cqe,tzsu7-bj6mw-w6ihm-ihspu-d4d2y-rwwuj-pjxlv-oun2v-5xs5f-nx377-hae,311941
tohvp-pwujh-crfw6-6j6za-tprke-3wiul-xs2n5-jqayc-r3gux-epesy-dae,zjggi-x3q2x-3paeq-osued-l4if7-swqom-oxvjl-4tsor-qpydp-2tkfp-rqe,312030
n35pf-aokkf-daqpr-fdkzi-yrgfx-7bkd4-ky2dk-g5vtu-hbg5u-3laq6-3qe,snfkc-d7meh-k2zwj-ptyb5-p2eq3-cp7xi-l4poz-6imoc-ztpf6-dp4cv-hqe,311934
ddnc5-el56o-qg63l-vbcy7-rwgny-q4wqg-7h4om-tmtqo-lxqki-ahwap-5qe,awpfh-eiw5h-5pxm6-es6nk-3n6wz-gzxe3-acrg3-bwr6r-6kl2q-tuurb-3qe,312106
npktv-qjfzw-kjg4n-5quhf-munzv-ohl4b-zxvjz-hpi6e-ywv2p-bhwxz-rqe,dr52r-ycicr-wpegl-rrkwm-naig6-a4f5i-x2wrm-iel44-e3ca4-f4cke-4ae,312061
xxhjq-r7fzn-paf64-eulfr-xw2d4-ufzcp-o7rzh-jhbty-p4n4r-gd2l3-iqe,7xeks-z5eud-fypiv-loh6r-fuuqz-cd73m-gmfrg-bcg3p-rh3ln-ymyl4-nqe,311944
n2gyf-6awyq-kjl3q-vfnw5-6wow2-sud2l-l276l-qdkm2-vb6rg-vhufe-2ae,fervl-dqptt-pjoa2-s7fc6-detkc-url7m-xjqrm-5x5w7-buxve-a4yrx-aae,312047
xhnbu-zr3qv-mg6pe-3lcmy-yhzrt-sqnkk-x324o-mk434-ak772-pbfia-lqe,5f5nj-v77dm-uo3i3-4xq4z-ujiv6-vgkkf-co6vq-bbxip-ha7qq-mnljg-xae,312035
bjz3u-cjias-gy2me-n5aka-yeulf-ek4jv-f77p7-e3d36-lrw4k-3orfz-jqe,vgqx3-iuzox-422y7-p7coi-liauu-7sdxn-56stn-4bejp-4yqp7-6m5g3-gqe,312115
qyag5-n4bdk-nztez-h3b75-oi3vc-ia2nz-litco-p3qee-iwoiv-hktgb-fqe,3yvaz-iv72d-stk5k-47ht6-dhtbw-7mz4p-efs4v-pvxkj-7xs3v-5pa2t-sqe,312079
iipx5-5d657-luz2c-gmraa-h2ac4-373dy-5s4oq-wqhup-q7dzq-trxv4-eqe,o4tgs-kzpvh-4rnyv-anpyu-uwhvv-ehufp-ouo7u-3xrz7-ffkyl-sdp3x-vqe,312094
b6m3g-4lg3m-b3mta-yluq3-uyjsq-mvpse-5glt5-c6fpk-3fiey-hzshv-fqe,xopzw-73ltj-dgytx-3arqw-booa7-r2jeo-wnem4-nzlpm-6wm6t-n4zsc-iae,312122
cjx5s-spkek-brf6d-5vo3w-7j645-5z5py-spzwa-s7w3d-5rbmi-baunq-4ae,57wzj-weoek-fqt3f-ztjtk-cwhch-orvpk-h3z7v-2ljir-aw5sf-xmhcg-uae,312022
nc5na-4njxm-eothh-mfyiv-fix2k-axs4j-zjwme-szuoi-ksur6-bz7yu-kqe,jxv2r-hpcjb-rh7yc-5pjod-hh56m-o76vu-xbs3b-okhww-tyvlb-ig4a7-qae,312088
jnxt6-z5wod-jovak-a63v2-icuex-3gkyf-r2m6x-eoavq-377f4-23yii-4qe,afrzs-fgfid-pfrua-bjpge-3bet3-kdiuh-qb6do-ld4lu-j6v6r-nxnho-dqe,312125
xocnd-ai3pc-r3vkc-lu3ou-35du3-jvfhb-3lfar-scdeu-cibcq-4aex4-3qe,5pr23-md4dz-ghpuq-oedi2-fsgan-jala2-d44gq-mzplc-pczbm-upnvx-zae,311954
updtr-ljyen-lpduk-2y5vx-sfigm-2zgh6-xescf-qdnxd-kprot-ogg7i-wae,6nagg-qb6ar-oyng7-eesdn-277vk-w4xcf-k252b-grt6a-v5rde-lfpp2-vqe,312003
qbgay-sqe3t-kp7hy-figtl-3fdk4-qloo5-52yf5-fmtpw-67i6f-nwizj-4ae,xa322-n54wy-o5ua5-3qpsz-svebu-gjyt2-zjc7b-ayvqx-ikxhx-tidev-7qe,312123
n4kbv-45ve5-ucmgr-s2hiq-mvdvh-zxefj-j7uyj-o37uv-c6orh-2tsqq-qae,ieq7p-mqxfm-yopfq-yyoq7-fovpb-zqt54-pbhmn-rj7jy-zefvl-t6ao3-hqe,312038
h4s4t-vq2n6-iupz3-ac6jb-fbjh3-sxl7y-zjbsh-572ei-wvhl6-4a32z-cqe,mgifc-shmrr-qlg4b-6ekzs-iqark-xfpxg-ul2wf-edjky-h5d33-dqus2-lae,312007
y3i2r-t7hs3-tgofp-3htt7-6si7a-kuu4s-yci6w-camqz-hvvax-ix553-wqe,36o3h-6estj-ks7w6-s7pv6-jjmav-zgkbl-uzvpv-jrcio-vcpnh-76lfo-hae,312109
nu5qs-dfbvb-5bjfv-yumjr-g5dc6-nvjia-xdgue-zv5ay-vnbvj-n3vl6-iqe,s547b-c5zkm-7iv7g-hl45m-64st7-qm27a-hy2cb-d6hih-mnqsx-a45jc-bqe,312059
dogz6-fcwzc-m2k2k-ylrhg-56i4c-xx6ju-pgkjt-zdixq-vx5x2-5rh3v-jae,lctbm-ruvfj-6bw6p-vcron-hgcc3-kcdwg-4zq4g-g56mj-2bqve-icoht-fqe,312034
au6vc-ohrpl-ge23k-dvidu-gozok-fgjgu-lxxau-opbst-7rlf6-xe7on-eae,vh3zf-ormpw-cfvh7-l6hcb-c4pf4-ijr3r-7azzk-ogisr-cxukg-ku3cd-lae,312087
mjvdd-euxv5-m6563-pz2uo-k5tfa-qzigs-ppppx-agaii-hxenv-vtru7-qqe,jjbjk-wwsmn-5rn5f-tn2ae-jltre-ed4rz-qraek-t7ttu-ve2f7-qm2kg-rae,312124
zfc6o-cqkbh-c3nuo-i6jck-ciwu5-z4bhc-3koqv-doyfn-topdf-6ppef-eae,7zvcw-txwfq-6tawy-tyhvr-pfvxy-v24zg-v4y6f-jn37l-6ucx2-q4ddd-vae,312046
4pcyf-tyjlp-newdr-ua7df-si6b6-t7d4k-avob3-7jovp-gk3dv-iqwxh-mqe,24ue4-5sdju-4pgek-tqbex-iuozn-s7feu-2qwab-db357-7skc6-lhx33-4qe,312127
cv5dk-eady7-h7vjk-u2o4j-t2pxn-hbmxr-btn3a-z7wmx-3vjcy-xc5al-tae,upocp-26y42-7tfv6-h63t7-dhugw-j3z4g-xvepy-stxir-lyo75-5sj2h-qae,312137
4kygf-my4wf-d4m6b-cp5gf-r5q55-ztelx-omsyj-x5aho-kkhce-ig3gh-oae,rty46-pksd2-5ait7-l5mih-teo6d-tzoka-hokmh-4tv5t-4qlit-hahrj-wqe,312247
nxvwh-uings-kkfh6-avscb-xs44q-b6e5i-yjra7-cjic3-x6z73-ugfhy-kqe,ponx7-zsxdk-hoij5-agikm-ujd64-jhkws-lcqhg-vch75-7fdc6-tdcqv-bae,312159
orsuv-duoh5-szcyw-oc53a-po2xq-ycq7a-iaq4g-5issf-e7lny-pmvne-pqe,ycewt-2qj6i-djgy2-5zpcn-4w2ny-r7iel-rlcbm-fhl26-vfy7a-uokzn-sqe,311871
3d554-thlm6-t22zk-tdsda-zctm2-6nej6-mqsg4-qmqqy-vgdwc-bloxy-rqe,z4tbl-ekyfd-4nxkm-hyyk6-4tpso-nfo5f-7azfu-uaj4f-pkeaj-53r4q-tae,312356
6tx4e-6wgtu-rvcfg-ut3zk-jonwi-l263y-2ttzs-7w2rj-f4mq4-niyt6-6ae,kq6ji-vqc24-gj33x-n7uee-qv6ak-4aada-co4lb-h3wek-qowjs-pidxa-dqe,312188
7wkqs-yer2y-bld5d-44pvw-jonmz-nyrrt-jrm2q-hsly3-k2bb7-2rc32-oae,oo226-uogbk-rmjt3-qoy33-xsjzd-moxix-py3zm-b4qyd-ncje2-itykq-iae,312182
tbxso-2lci4-eqefg-l2kkb-444ta-qoa64-bcbm2-p2uou-peetc-wlmw7-5ae,j5yma-vbbch-wo7mg-dl6cq-57kge-43sko-uitda-atcm4-z4tni-wbcyt-fae,312194
2rocv-s5gxh-ojvhh-verza-7jxej-qdgvx-ybfcy-bl6ak-qeuht-x4v7v-pqe,47577-rl7pk-fgxue-6s2kj-wpuzy-ntczw-hxokl-6jqkg-arx6k-xewmm-zae,312382
agqyd-z47wt-aqu6k-mzo6m-nyxbl-ij6xn-vqzie-fomg5-ndoil-ofjlb-kqe,ymfv4-yxwil-ptftk-uuhhv-dgwwv-gudea-i32td-tygmq-gmifx-dwv2b-fqe,312285
4s4lw-7ubqo-msw6p-acyn3-2dnnp-ekb6n-hkn5g-glug5-524ib-jbeqb-fqe,2ocud-2zdkv-z2yim-ce77p-4qq77-wzesl-slgxw-4o4b2-7fhst-dydeh-6qe,312438
xsvpd-ruiff-m3pox-xtfdq-2kizf-y5rrp-6obi4-hq7tn-k3gra-bey6v-lae,aidvu-jdhv7-xhjsl-jcnmy-f7ay2-6syk5-ifgug-agucd-4pjzn-5twfu-jqe,312347
57ne4-jgiwx-qtr5s-fgza2-sdra7-gwlht-iphaw-h76ou-r7kls-nao7u-uqe,w2bch-zahh2-lxazx-3syhs-m3qfw-d3e5x-wfet4-jajvh-laigf-deamz-dqe,312336
7zzuk-slvgf-xj5zq-p5bvh-2j6dl-gumss-nultl-32ez5-qjznx-4r2dx-dqe,pktbd-3fb2o-3g7zc-2kd3o-brkde-zurdm-37ejv-6z4tb-fhkyi-blyps-5qe,312317
bibhj-r62dh-xjrpy-m5r23-3xbsw-q4ipe-exgxj-66wly-e3253-kkisx-aqe,v267a-atyvi-vjm4m-euuet-sdo43-ckw4t-nlw2n-pgni3-3uu6x-h2xmw-oqe,312176
35fhy-ha4uv-pbi6n-4k52x-k2wr7-a6232-3hf3h-5kb5v-uig22-uflpq-aqe,mvrko-fifk4-y23pt-32f36-5o7ke-d3t4g-zuywj-buuoh-pkzbc-53f5j-tqe,312212
3pame-yqilg-77nys-fb2em-dh2ze-3tpno-syhuo-sg5jp-ioax4-53zds-3qe,vn2ml-uogo6-4dln6-mmwro-7ksu2-hhmi6-yppou-jrxw6-pivgc-qa2px-4ae,312220
fhgqv-4xxy3-7hdr3-vffqx-gccho-rmrtf-2tpwj-gok55-pqoas-hderl-bqe,ed4ao-uiuit-7zjiq-saf3g-q4qmf-z2wok-b45tl-qrold-egit4-k2mgd-uqe,312185
kk34h-hfkbh-nvhkt-wqcdt-kxtls-ucwkg-dnw7m-3ci4u-ubsii-2x46w-rqe,cmckp-wbrff-bh44k-c5c67-jcroh-rdia7-d6kuf-f6lmu-syqvt-wxrgb-lqe,312171
qv7tz-nkmmg-hyvdd-jpwgx-itndj-wtwd6-xw5ec-c5vpk-2fmy3-hmnvl-qae,zmslb-gdtq2-kd657-zhleu-p2fzj-v6zf5-4sbt4-jiv65-jbyvf-mjfqo-oae,312209
qz7bj-mksnx-ubsji-lmxz5-evgpe-peynk-q5rba-gljtd-4v36r-d7tx3-mae,5laq5-jlbvn-ogiiw-t6jgs-kuypg-6y7ms-37v4d-mfo6g-nm6zy-hp5jy-dqe,312254
motpw-3tzbo-2r3dp-lxp64-u2lbs-nfpnf-sktp7-2nkmz-yijqi-6v5ag-gqe,gwpjb-56t65-755us-2dm7m-qoc2l-hec5r-44ghi-nkfn2-a2cmf-q5vjn-yqe,312187
3j447-pdomx-uyrdd-pgi7j-vmsxv-ofxsa-g6r2t-t7iqm-lsxjs-3waat-lae,xtakw-i7zpi-epyhl-6vmmy-5id5j-ex2bx-anun2-uyifd-smmwt-ju3ka-uae,312165
uf2g3-z6w7z-4zmsb-5mhcb-vkisg-o2636-pgfsm-bdldf-w72dv-o7hiz-oqe,32hah-6ckah-6lqq6-6mbve-uwqag-a5wiz-lh6za-mjj7l-32dui-6okmp-2qe,312200
qruaw-wrvsb-weizz-ilwut-qewj6-mkgza-gjevj-kdqxo-2i3zt-zzpla-pae,adyrj-yszwe-zplq3-6bugo-2dvxm-4g54m-2c4j7-jhqr7-xpuol-hpr25-6ae,312181
ztyat-y4g2h-4jsxl-derhr-cclpz-ofreq-w4sa6-rqxej-ul34z-ehhno-zae,i6ybe-an5cr-ddgh7-cabkh-nnii5-d3gnq-2mdh6-znoqd-sifst-werir-iae,312177
7ikbv-oe5az-blzzh-apuff-vnxj6-sodaw-qriif-bo5il-g425g-fsda7-yqe,oazvy-bxfgb-r6thj-5t5ux-qimxc-5z5sg-ureeb-a3wjw-z757q-brsxh-vae,312210
ikkwb-oz4gh-j7bvu-rob7r-biho5-btcsy-djvgn-6kxpk-e3sye-imaat-uqe,2rjww-jlsj5-2o3d5-o5xkx-fconk-2xcwg-cyitj-mppq3-jor4p-bqigl-2ae,312202
ha37w-ucaj3-qjv3o-7pwjc-rmhkf-b4kxo-bwl4y-bfq3f-j2png-svfi6-3qe,wpk2q-dz4er-l3jr2-2ywjk-jsue6-33svd-d5t4o-7iehu-yhowz-7j6oj-zqe,312253
tf6b7-4zgvq-ytavp-dvwjc-mqakp-byhv3-mm3or-j4g7v-lbepd-uiym7-cae,d4y2r-qnkof-xxng5-vkgdm-wd6k6-leppd-5ekuy-snttw-5g4i7-q6wbp-dae,312333
ksbx5-i5iph-c6xim-b3cog-bthsg-lvpds-i5pzr-ogynj-payyo-aybwr-qae,fvnod-bgwu6-nvnq2-tm4at-tn5o7-zwrfu-q7kjy-nmj6c-zsaix-dh4ig-2qe,312203
jjrlk-xucp7-tprgt-kcr3o-gbrit-6dp26-ynzgq-kcl7a-aznve-r3hdk-qqe,lpteq-btov7-wwcmf-3vvt7-c5kkb-bmcah-qruk5-rxp7h-f3jjo-yvck3-5qe,312167
y5k7y-y4s7x-awcuj-7suzq-bs2na-ct2se-wsjai-673m4-wvsov-b4c5k-vqe,ln6ua-727g6-o3te3-skjkt-w3ttv-3lvfo-z4sqn-26zji-lxnyq-hwysz-kae,312408
ajwbj-syoja-2ildl-pbdfc-2skje-dyavc-rfuhh-d7vbx-qcyq3-p3mpw-aqe,leuxg-e2rxy-qywqa-dvji2-lp7ca-mv5ku-hol7h-emgu2-i2yxf-x5tkz-cae,312386
rhaxy-kzx4r-h4veq-byipo-kn3qe-wwemb-mcxpu-rhyus-j5hjp-lfxvv-oae,httip-tyk54-swppk-zorg6-yvryh-zm5xv-ycsqz-htalq-nutyc-m45gv-mqe,312322
jj7yv-q4dec-ixhh7-o7bue-q7x4s-65iyj-nxh4e-txhnm-l7jhw-ke4ys-7qe,ubgqi-wezgu-jwlj6-pn7n5-l3tal-njyrq-pkfl3-6n4dr-ojqmt-b4wzn-3ae,312388
575ov-3whzs-64oqp-gengx-i6sxs-biqi6-u2jor-aqadz-sfjmk-bhglm-vqe,xraya-wv56e-7ddrm-fwhih-wx6er-3tiru-agv3f-efbkp-uwqbn-od643-rae,312346
ce5uh-5vzpg-56qwd-22gh2-ja5g7-dybng-nyjfy-ddmdv-pjh6d-uimh5-6ae,jres5-7grar-krmsw-wbivx-2gfnr-khfwb-gogen-iapjf-ividb-qypav-3ae,312514
n53g6-fu6bt-fa6h4-yqhdm-jzioo-2hcjd-vmbgs-arxma-5zajr-4w7zl-fqe,67tks-5b75c-ewqfo-v5xy7-7bv2j-yfxza-turiu-khym6-vnyqq-2ohjb-oae,312357
6mgkd-pw6n3-enor6-xst53-iqbco-u52qo-rjrdp-pszzj-oo5ox-fa74p-oqe,cin3e-p4lso-lfmpt-ehe3p-teode-kabbs-pszv6-pwenx-jksvg-i42vl-kqe,312421
apdmf-qppel-iaesv-bskuj-4gmi5-322uh-iymy5-y7vmc-3w57c-ra5zr-eae,ujpmp-hch26-gakab-z3gxg-ipkss-ogsmp-vcxfy-yum6p-3ld6l-d6gz3-eae,312447
xnotr-wvt2w-rrfy3-fx6fe-34se2-2o3ee-jg32p-47zhh-pmxwg-vm32b-hqe,buefy-bgmm7-6k277-edjy7-w4a3z-7fkpu-d7n6k-titvm-pjtrw-25ytr-3qe,312310
c3jhv-i6oz5-lxgcv-nlpuv-wbeqi-ur357-l2hid-dwhqv-ew6mo-iltnc-3qe,p4kwn-hczfa-e6ro5-u7os4-afjps-odk23-g3alz-besbj-kymwj-v45ql-sae,312471
57unw-gynnx-q7cw6-yfagv-qjgef-6wyrn-frl5j-h3ucb-d7bd2-qp6f3-aqe,vwasx-7tfdq-jx6mf-rxoq7-yrjvv-abgcb-jkp6j-f4j5b-wzb6i-5zvrz-fqe,312338
gzrcx-wwflg-hmk6s-buxec-my5uf-cmjyb-jfswy-e57my-sfubk-iciz4-fae,rlo4k-wofif-5wfwb-hut3d-zpadb-lg7hg-yrim6-tahm4-vjlci-a5xbj-7qe,312503
hwod3-4pzsk-3jlxc-gjoqs-xap2a-ltges-gmcxk-25q23-j4j3z-xrozi-nqe,kczqc-bh7d2-qeapl-gcbhv-btdnt-wlyip-44lki-vlfoe-jxmxy-nr7d5-fqe,312449
zlxmb-q4t7y-6lwm6-byi2r-w6tuz-vzq7f-bfqxb-rvs4d-nok4d-u7mkk-bae,h4532-edp3w-i37dj-utldu-cli7j-p37jy-h5ugg-gsisa-exayt-e7pk5-wae,312437
fzgl5-jh6mm-ens76-hafwe-hnqqz-gl76b-2esor-kvnkw-drilx-kzj2n-7ae,2bmn2-sgdr7-sfuzy-dqj4g-5vi7b-g7tcl-sko3q-y3ske-2ol53-lkaht-pae,312760
o7e22-ctwiy-gc6tp-jmw6u-lj3qz-3aex7-gls6j-3aity-b6ikx-qhx5j-2qe,3fjlw-jjlvx-7j2xt-fk66m-6jywr-wyhto-hssmj-tbfa7-dlhj4-ebd4a-wqe,312350
2k562-7bjzi-irqqh-j67x5-2vgol-cb6lo-5c5ne-pmdmc-4lmlm-dp2vg-5qe,3nxdu-mp2rf-dzmzw-qcuea-vwmxg-h2rzm-n2omb-y2kiw-bmvum-t3m54-wae,312452
6qqmm-ceyre-ug6co-myoiw-dgjgu-tb5cz-qt554-3xs46-fh6nh-haa2o-zae,jonx2-3jrcx-as2wg-gz7xf-r4uci-2ufn2-l42ys-kr4wo-b3n4e-yoyaj-fae,312407
j2qg4-qacjr-l5zdl-g4pie-7iuuu-kltwx-fci5i-jynps-63z5t-aojfr-dae,pabbk-7udim-6umf5-2vtmt-wbi27-j6sgb-4ekp7-6zjhm-kmrdo-gzw32-jae,312428
sff2m-6fph3-gyx7v-gtnia-z7t2s-fasdh-zaw4c-r6sg4-a5wqq-n3rfo-uqe,u455t-36l62-rpswi-uesze-lfvkt-kri4g-wvfck-33kar-hjdzh-zdhyk-tae,312454
jt7lj-ejd3o-rr7m5-653fj-hsr3w-4x3ue-gpsfl-nmgwd-ldlwj-mmfjf-cae,csfhx-3nkro-6iw3m-jbthe-oxzde-ntdfo-u3f2a-uhvig-zb6rt-vggxi-dqe,312418
ynp3j-ilrnr-nr5ts-hyah2-gdh4h-vrghu-ok7sh-rukaa-n4lb6-oo4ix-2ae,4qvlx-a6sbh-ceyfa-v3vuf-rms7c-yybzx-pahuf-62nc7-uygz2-64bou-sqe,312444
ztctp-bgjhw-tfwvi-smvl5-36evy-n7ouc-7it2k-wbxp3-2oiyw-mwzpt-tqe,vwlww-7yocx-sfceg-ax2b3-yg2fd-wphgc-dqvoa-zc2cs-acjz3-4nica-kae,312464
r4czc-n3cf6-sgpjo-sg4xv-uknt2-yytzb-3rvg4-4rlvb-lp56e-q7zr4-2ae,jl5qq-yvyup-tr2k3-zkswo-2owvb-b3y4y-pgvqj-szuzj-jeime-io2xs-vae,312731
q5hif-46sdh-4goee-d2bxj-wdnba-jgrke-elvoq-6tzg6-hfcn5-2dcdr-3ae,6tmen-kklyh-orp3g-vbxsl-2bygy-ccysl-22ur5-7tgth-wls7y-qqpbm-tae,312425
7bnlk-ugf2f-jx37q-miplq-xwrxy-ajhso-exf3p-22gmi-xmgqe-d5ot7-jqe,lkvj4-xayh5-2xja4-y54rl-676i5-vifrx-rcses-oa6dc-l3xna-flh2m-zqe,312404
inmfq-snnwf-vbkul-6s3e4-hombb-4bhkq-cdf2o-xwgr7-jbi2w-r4gko-zae,jn5do-ly2j6-kfni6-ugru2-4vfla-4qajv-bhlju-rne6f-hjci7-52m77-jqe,312271
mvh5p-xuvgh-4sdhj-bb6f3-eodaw-aijmp-pckid-pve57-2wxfv-vp7mo-aqe,p4i76-6k2a4-nz5dm-th5dg-d2rsj-wzm23-pivuc-lcd27-wa6cn-yuzyq-6ae,312501
hmnp6-3g4cr-feq6j-gpuun-d7oto-rzmgk-uaoyd-a5fkp-bw2ez-3md7p-fae,l2utm-uktjf-ydozh-avwd4-3j7ai-vgyer-utuyf-6tjo2-ktbww-x5y5h-iae,312742
g6lqm-c6eai-i5fsf-v5jg5-tmdv2-ewhug-kqyyf-fjiyk-umx4m-vbiym-tqe,bsvt2-yet7n-xybon-govoz-7wj32-n3jyv-2q4mp-3m2z7-zzcq5-oqanq-rae,312289
kpyde-rw3dr-opbg7-bqm3y-pjmu3-47a2a-okj5v-ocoq3-of3z7-5uhcc-bae,yydps-ypayz-dawq2-irkgq-q5vaz-nt3tp-hzvnz-b3tww-5oaqo-7k3bf-xae,312434
4zjyh-h37gg-v5pzd-ordcs-3bwqh-wg4nb-ntelz-umm6j-42z5f-tklkl-dqe,2salq-duvs4-menvb-s65fr-vh32c-2asjb-pmfdi-owhm6-brhs5-ozkaa-oqe,312443
k2qcm-qyt3b-v36hz-5sgm6-2j5lv-bkqkn-o7dvw-xnlht-o4beo-xz7hd-tqe,ts4ia-e27ur-56cxq-3rmbt-yea2w-i5362-appj5-okmwo-q535m-36llo-cqe,312436
ubwsn-afq35-p7oue-jq74a-pbccx-zevc2-lx4q2-s5qxb-h4qkt-op6u6-7ae,nwp54-ardhj-dsfjg-7qvzs-ndunq-o4dyi-be4ny-ga353-fle4b-tiiiv-xae,312476
zb7an-wcdb5-7jeef-ecs4d-3ebyt-jaoce-vp2aa-2nyaq-7g6xb-iz2ir-vqe,twebk-tpz62-3n3cs-txtgb-5eusg-jbm7p-dbokg-stv2v-neu5c-wmdrx-zqe,312462
l2jnq-nq42u-tvdjg-wm3m3-klzwa-k2tkm-lv4rh-enlp6-ckwya-ermax-uae,yt62x-v6hoh-oyw5j-ggceb-efsm4-gcxxr-sz2pk-4mgxh-ykaoz-u7ryk-rqe,312727
angqn-fzqlj-wbrez-drrgi-wbpkd-mtuum-jdors-2jqgf-3wbdb-7f3au-aae,d6hpm-ztguz-oalwv-jkod3-simrm-vw35d-4huxl-tgfxh-vdqnd-4eysd-tqe,312456
itpal-wvss2-ganwz-6dhuc-aewsp-nz7gq-rwuc2-clowa-g4t5l-pikut-zqe,2t2un-q5cim-cn2na-lqyjm-z3yov-qattd-tvpwt-veqjn-rvpcw-7theh-uae,312433
pgj4u-mh7hx-rhha5-qiaks-lu56w-gmvqo-wglkt-7ftuq-tyzxa-fvgq3-vqe,mezie-ktxv3-2wvph-fze6z-gqgga-htd5o-jyehd-n4754-hkci6-axigd-2qe,312432
rw6r3-r4lzy-syddh-dxnwj-puxuw-o6ztt-lyzxs-asppt-vy3cg-z6elk-6ae,wzk7f-ii6td-ffper-lgvxb-b4tjq-v5kgh-nwbth-gq7ks-ywtd3-v4v7m-lqe,312754
wk6q5-weorw-yedte-365zp-v52c2-fyd4g-nby3m-3hlhb-at3xx-n4vlq-yqe,kvtwd-e5dxa-fjcng-c5wt3-nfout-shbm3-gt2dd-qoo2e-evqp6-cttwn-gqe,312761
ey5r6-j3u36-7dil5-ljudg-y2q7t-ip5ex-htvng-5iime-e6loq-dp727-sae,ugcu3-jo6ms-3s2r3-unsd3-ujl2p-hj7ix-4hwbh-zgi7v-tatac-oq7zt-aae,312752
poowc-lvxp7-gqsiy-kcut2-2o3od-b25il-msv24-vuodr-5dsag-7objx-tqe,sun2q-adadb-w4vuc-tclj4-5btia-nkwa7-bxdjp-mv7tv-sxuxa-rrh4k-wqe,312478
4ceuq-cpkg5-bare6-4imv5-hewqk-df4kb-qh7rj-gd4np-7n52j-tkeuz-kae,ihmtx-o4ipn-fbbra-3aok7-unzxq-eqg5z-pvwww-gqraq-fqkcl-uswev-eae,312315
vtpxh-ifrrv-fmqwp-h3upy-ip5ht-ek6xq-6mf3f-3sw5d-2cins-2sdcy-eqe,uaw55-faj5y-uyt3u-7w77g-4arri-vbk5t-oldcy-e3irz-h253x-zyybs-dae,312380
hrbt7-bfeur-w2b2d-4cicc-axwlg-vhsbv-njxlk-5w2cp-qraso-3nm7p-pae,bp6l3-2cu5n-you6h-gt5ku-gvmqf-f5pc7-36fm7-mfro4-xw3xy-jeafx-dqe,312435
4sufa-rdkwk-2zb2j-dtkgf-cmcs6-qu2rd-gwxct-zpglg-pk2dd-gavlg-5ae,lyd7u-xtwco-5hda5-xkvot-2phgt-pz2y7-lno4y-oiacp-pt5ve-vzrco-3ae,312439
wjmiq-dthig-g4fcx-txs3j-4i3vk-tp3qd-4jjv6-ebejv-hqjzm-tgvtl-oae,iprwb-wv2xm-y5sq7-jgz2t-7hr67-vbiwd-ctz6f-lkpwo-zdzgi-xqpig-zae,312483
akkyq-ujods-qd73q-jwmfb-f5a4e-mx42v-md2tq-xvogv-n4zvv-uxaka-4qe,zhduc-k6n3d-lauew-imhvs-mg2bq-pxcdw-eimoq-i3gnk-inndm-izz4l-bae,312465
fiym2-7ripv-6747j-rqxvv-urjbq-owumu-aho67-ibltm-pwbt2-fdylr-sqe,kygjb-jei5f-psarb-d3myn-n6qrt-3sfmc-dzzgy-lhbqr-lckoh-l5rfn-wae,312441
4cxhr-pci6d-3b4wa-ouqjk-7h5ww-i37pw-fvihy-yg6uf-xoesm-6mm5i-tqe,vagwk-4tvqd-iambz-dyt3s-nali2-utg6m-gx7xu-tmipv-rosut-umc3l-wqe,312424
yhryl-al7w7-nwsuw-3rzir-jpinr-bpvqo-h3ctx-24zr2-veka3-vf4zg-uqe,kuncx-g4a6r-cxg6j-nkrc7-s226h-zc2xm-ukj3d-a5qt7-7cfxx-olxqf-oqe,312413
vskhn-kc2kb-tmu53-vzmj5-kr3zs-7wmnp-rcgw3-k6fzz-tke6i-pe7so-xae,6kejv-uosjr-pz43l-txvh7-ipfu2-jck3x-5afha-zsopv-ordab-2lagl-eqe,312763
zeqdt-mmeb6-koiep-gz6nz-e7jrs-x2law-aulh2-pxvdk-ypwje-g6bqt-oqe,jf4fl-vtmpm-ckdr6-nv5bv-fv6m6-jsz7f-hjcaj-42fu3-zioro-yb2zr-cqe,312417
tvvfc-2rgww-rgc2u-fh6t2-gps4o-heukr-thq7i-tv4dy-vd2cj-qfpdu-wae,7nzgm-ukehk-k7znn-ohdfj-ljblt-xaqbz-uuw7q-2oxr4-bqvb3-njh4t-oqe,312419
kdqs4-bjv2b-2k3jr-mgnyg-hkbuo-ov4kd-2d6fg-dr6ov-epahx-k5jvf-oae,r2i2o-y7ogi-4pq44-36sp3-juk6i-4lkm7-3x2dg-5s7si-rgilc-svryg-bqe,312486
jgjg3-3qejf-oxcum-bgzm2-fihct-dceyl-65cpq-b7muf-4ocot-6wrhh-xqe,epall-fhwni-q732y-subzp-jalwn-5gxcr-7nl26-s7kac-oli6k-ni753-zqe,312364
2z6fn-wtdie-k7r3r-jrryy-chbbq-p22an-af35e-bafjj-42ibl-7i24m-fae,3623y-asntg-mt66j-y2zjz-sjxda-gryq3-xq67e-2whel-gyhj5-clkvi-3ae,312759
efxrx-xswvt-w6ufj-mkvzl-aj2kz-mgjhw-7f2hw-sv4gq-7z33w-oc7ml-fqe,y5sdb-s7zqs-hzjoi-d64i2-avjmc-ptlgq-e7tzr-2lkkx-pt5ij-5xhwp-6ae,312753
zkvc7-ykx6w-iv6e5-fsxsa-5jpu3-vq6en-2ibkh-hrfhe-zhono-msoij-4qe,l6qnr-lhxev-pfyx4-wipg3-zvnac-gsw2j-6fb7m-us37w-g5jpo-g6rni-fqe,312446
qb7i7-5xjrp-nn3i5-nm77m-2nx2n-mipuk-ku76e-bj3ts-n2oed-5upq5-hae,nl6tg-vh2wa-sfqoo-odzpv-2ifmh-neewn-kyoya-eh4qw-xwxzp-bjvc5-eae,312747
lum2l-kayyc-bmnh2-kpzcu-f6m55-eflnb-og4ay-dk3wa-ebicy-o53rg-2qe,wels6-c74jl-kektu-jaifs-tx52w-plyxq-mjzet-5eaj3-hvsk7-2pph5-iqe,312746
4ssxf-hd6dc-l27fm-muqft-g2dxj-pwzjr-ddbcv-ip4b3-od2el-buu3i-vqe,saawy-g72ul-oyjeb-k62dh-riqu7-nthva-nco6v-ovhgn-ymaba-tjvsg-4ae,312406
qk4cf-rb7xl-3fxjx-6mdnn-bewjt-oxasg-reiej-y5gwv-tttos-6qhtu-jae,abhpm-ke3ad-yb6aq-a57h6-k4aee-jiacs-lqcpp-mx2ur-7riz4-7jasx-hqe,312756
giuc3-scqyn-xnrk2-72zfz-twikm-wjvos-lo2nt-yfgxx-n7qn7-cck32-5ae,s7c3p-5lfr3-7k65i-net24-umh5u-c3jim-c2e2n-dmq6l-3tn2d-e2qae-tqe,312429
lieve-yguep-h5ic3-gv4pw-yq5kx-hfwjz-z65lx-35ota-e6vjz-horan-2ae,c4qjq-ecrgq-mb2ai-6ocr4-daxrn-yrkq2-eegk2-p7r3y-ipans-cqzlw-oqe,312767
fymec-utwt3-humpz-4bcfg-ksxra-4sws6-pxleb-76ruq-4njwm-xlvsu-qqe,nfc7p-bopne-bk6kq-k65bz-eo4mg-bl2x7-rsrmo-2yqwo-uk4yt-y4lvs-eae,312764
2kbqw-zaiyr-dy5io-o5uv4-segsi-4q327-bgwnt-ukxcd-uzcoy-klljk-5qe,wn4n3-wfhvx-cumyt-es4xs-6ruqe-2wfyu-ef4lw-ee3mt-2ekxd-dhpm7-cqe,312757
eb5bh-eh3e2-smtw6-fpqvq-fza7r-cgao5-eyov5-4ctcg-uemfc-myr5o-tqe,wvj3x-y5gey-bzsvb-kxd4j-yji5p-qbvwi-wazjl-swjhu-grpxx-f34z4-dqe,312414
4wed3-5n2lf-iq55c-t3q3y-4lc7o-elsla-c2qqv-f4w2t-tz34f-exaco-dqe,bp2bg-pz7vu-vc76f-ymvxm-aw65u-4qqxh-66ywx-kg5ly-yuwzk-al3mm-yqe,312463
rimao-novk4-qv7hz-xj2cb-f4g3e-dzjwt-tvue6-oiakf-iqmgq-kiv5u-oae,5djfi-wfkib-m2gx7-3mgpz-f4hja-ovvfw-i6azz-n4a7q-j3v3q-b4gzs-7qe,312389
ar3ah-s6ctc-uwuig-xm2al-v7hf6-slbud-tiw5n-tts3m-rww4x-ijxlx-3qe,5y42o-nhkat-pgu6n-kl4ps-whhmb-jcbiw-zprf7-abnpf-gp3r2-gdwya-lae,312451
m3huu-pd7y3-vkhlo-z5kh6-ipu54-5lklu-zwxv4-h4zn3-3dqhy-y24s2-zae,fxswh-tetid-b2lq6-ihjub-enfov-4wnxj-2gynn-7pos7-gadns-dhldm-2qe,312494
fb65g-yozo2-uuzi7-fnjmf-gaep2-i4kdo-cjloy-7mji6-md7e4-hdzb4-vqe,hr3wu-fryxn-xurwd-4z3vd-ualu5-rq3hg-gstwt-3jf6b-mlg5d-fellt-jqe,312398
5l4wj-7yg2m-glriy-2ywru-7vbm7-cgddl-uuvc5-i4buq-weqwv-cgjlm-tqe,5zrez-mmavs-6knqq-lhoye-r4jr4-3muzl-ltdc4-4mwrs-irme3-aw4zi-oqe,312405
4tl5t-ncrkl-wmtkt-oeyo3-m3jnz-gsb3t-ad34c-3yqsj-3yglv-oerg3-qqe,geqz5-26lbg-w2fcp-ukov2-25onm-jzu3q-grbsb-pnibw-iloon-6pzqv-dae,312729
rqvv5-mitup-cnlbq-7bzvg-rzflq-oytqi-m3x3b-jvcr4-6nlmd-mmaj4-tqe,opcin-3piod-o7tpk-3k4st-i2sve-zlxge-4zdur-f4hur-omrdg-r66ew-eqe,312479
4uxv6-powri-3kcbm-cabso-fr55a-lea7l-6zm3d-nzyha-3gb3q-52tqv-2qe,4lg4o-zjczy-slorw-otucp-gsg23-vrfle-ui62j-eaplz-tfo5i-3wytz-cae,312376
qqjmz-6nmrz-6xyxr-dlllp-lxer2-skf2e-ycfyk-3djor-l5jnr-jbcnw-pae,p6hkc-sc5vn-es5xg-hk6nt-4yfkg-cekp7-6i4bd-inj6f-uxdzk-kkncd-wae,312755
k4lfg-akrnp-3fxrz-ffrnr-d2akw-fspkk-bnbrn-i6rqx-k45ea-rchcz-mqe,qzaoc-aioeb-hrgb7-7t6wa-4cl2a-f7sgc-hywpg-34n6m-i3hve-5q66m-wae,312422
ho3vb-mygwo-pn3ck-ef4vq-nqste-i7te5-sp6f2-7umwg-cegfq-nmmc5-pqe,s7llh-7kadl-s6kk2-jczni-olpig-id626-phxdo-a2m2c-rik3v-v2djk-lqe,312378
o2rdz-4xnca-qyvnp-ces6h-7ip4h-cqvcx-psysn-7qnbh-hkwa2-sdl5s-mqe,465o6-qbz6x-onft6-c4xzn-2lkgg-mz3l4-3auic-luyvc-nnkc7-nkekb-kqe,312455
stdmv-kdj5k-6twdi-gvwtl-wyyaz-pehuh-x46qg-kmqxv-4yzde-r2nyv-xae,6ttc4-it5mo-5434s-2jup2-nzzom-xxsgq-he7gs-7vvpm-kxfja-6dhcw-yae,312735
vwwfw-5wflm-os7kt-eojvc-cu56g-ec5f6-kqbds-5xgbf-he6qu-ngktl-bae,5t3cb-55agb-rm32g-xomf7-si6rs-laxyg-tzcy4-jiidz-esdn4-l2ar7-iae,312751
f6glw-hpo45-iei5q-agptm-es6ka-4bu6c-tiscw-ijojf-iaa6i-3s54m-fae,k35t4-y2gjz-hptrv-op5yw-rjkkk-ftdhl-i4m7i-aaq4o-6t4kw-yqtcg-pqe,312504
leomh-3c7xj-ziuq7-hsjfj-gw7if-d724b-gtgbo-dqrxc-2khso-b4bhv-nae,o55ti-4ug3m-q7mum-lyrwq-24ykx-ktdaa-o4qr7-vd5zz-q42hb-yhsgb-mae,312442
lswvg-qbnlh-yqjdb-6afx6-3prvi-s734j-sf2mr-qtnbd-a7anc-scklt-zqe,d53yy-47f56-ypi2i-qy42a-zgzoy-eyza4-su45k-4spe2-gwa2j-2wtag-eae,312745
